SNName,TNSName,DiscDate,RA,Dec,Redshift,DiscMag,PeakMagV,PeakMagg,Offset,Type,DiscAge,HostName,DiscAtel,ClassAtel
ASASSN-18aa,SN 2018bg,2018-01-07.01,'05:11:47.86,'-40:11:43.30,0.03,16.5,---,16.25,0.84,Ia,-3,GALEXMSC J051147.86-401142.5,,
ASASSN-18aac,AT 2018itt,2018-11-20.04,'19:16:19.96,'-60:11:54.85,0.013716,16.5,---,15.65,16.47,Unk,-12,IC 4836,,
ASASSN-18aaf,SN 2018jbm,2018-11-26.09,'01:42:17.62,'-45:24:51.95,0.062497,17.7,---,16.67,4.31,Ia,-2,LCRS B014013.3-453958,,
ASASSN-18aah,SN 2018jdq,2018-11-27.60,'11:25:25.71,'-08:27:58.90,0.028,16.3,---,16.24,0.8,Ia,7,2MASS J11252566-0827587,,
ASASSN-18aai,SN 2018jeo,2018-11-28.47,'09:04:36.92,'-19:47:09.74,0.018653,16.1,---,15.68,72.67,Ia,5,ESO 564-G 014,,
ASASSN-18aaj,SN 2018jff,2018-11-27.04,'23:48:06.41,'-44:58:49.04,0.062577,17.5,---,17.2,1.03,Ia,-1,LCRS B234528.8-451528,,
ASASSN-18aar,SN 2018jgn,2018-12-01.14,'00:02:55.84,'-26:54:51.12,0.066586,17.3,---,17.4,0.52,Ia,4,2MASX J00025583-2654505,,
ASASSN-18aax,SN 2018jkd,2018-12-03.18,'01:56:50.46,'-67:43:27.59,0.043,17.6,---,16.96,26.9,Ia,5,WISEA J015651.38-674354.1,,
ASASSN-18aay,SN 2018jky,2018-12-05.15,'03:26:02.12,'-17:33:46.94,0.01458,17.7,---,15.38,102.68,Ia,16,NGC 1329,,
ASASSN-18ab,AT 2018bh,2018-01-06.81,'00:57:40.07,'-41:52:23.63,0.024517,17.2,---,16.81,5.6,Unk,15,LCRS B005521.0-420840,,
ASASSN-18aba,SN 2018jlo,2018-12-05.18,'02:02:17.46,'-13:56:34.76,0.05,18.1,---,17.31,3.73,II,15,GALEXASC J020217.47-135638.3,,
ASASSN-18abd,AT 2018jpd,2018-12-10.12,'23:42:03.81,'-42:28:19.74,0.061276,18.1,---,16.86,0.75,Unk,-2,ESO 292-IG 012 NED01,,
ASASSN-18abg,AT 2018jri,2018-12-07.110,'04:33:55.38,'-48:57:53.24,0.055528,18.3,---,17.18,1.51,Unk,15,SARS 068.13762-49.06811,,
ASASSN-18abi,SN 2018jrn,2018-12-11.08,'12:52:35.46,'-21:54:56.34,0.022456,16.9,---,16.51,7.02,Ia,-6,ESO 575-IG 016 NED01,,
ASASSN-18abk,SN 2018jrv,2018-12-11.84,'00:48:03.10,'+16:00:58.07,0.050269,17.3,---,15.79,0.1,Ia,3,2MASX J00480308+1600583,,
ASASSN-18abr,SN 2018jwi,2018-12-14.12,'06:18:39.28,'-54:28:14.30,0.015457,17.1,---,14.99,0.4,Ia,14,2MASX J06183926-5428139,,
ASASSN-18abs,AT 2018kad,2018-12-16.85,'23:33:12.59,'-60:34:29.10,0.014827,17.3,---,16.19,9.4,Unk,13,2MASX J23331223-6034201,,
ASASSN-18abt,SN 2018kag,2018-12-17.07,'08:55:48.47,'+03:38:29.33,0.027209,17.2,---,16.34,6.17,IIn,12,SDSS J085548.84+033827.9,,
ASASSN-18abx,SN 2018kcw,2018-12-19.05,'22:16:07.86,'-36:50:55.46,0.011415,15.3,---,15.06,23.46,II,2,IC 5179,,
ASASSN-18abz,SN 2018khh,2018-12-20.05,'22:03:16.17,'-55:58:36.55,0.0229,16.4,---,15.61,18.07,IIn,0,2MASX J22031497-5558516,,
ASASSN-18ac,SN 2018bq,2018-01-08.38,'11:05:59.60,'-12:31:37.70,0.025628,16.2,---,15.84,0.57,Ia,5,LCRS B110329.3-121524,,
ASASSN-18acg,AT 2018kwx,2018-12-28.16,'01:04:32.53,'-54:38:13.63,Unk,17.8,---,17.16,1.59,Unk,0,2MASX J01043245-5438119,,
ASASSN-18acl,SN 2018lei,2018-12-31.16,'02:33:34.32,'-39:02:42.40,0.006585,16.9,---,15.94,0.27,Ic,7,NGC 0986,,
ASASSN-18ae,SN 2018br,2018-01-06.06,'03:07:52.53,'-45:44:22.74,0.06281,18,---,17.34,7.52,Ia,8,2MASX J03075327-4544235,,
ASASSN-18af,SN 2018bs,2018-01-09.09,'03:23:20.73,'-22:07:00.66,0.07,18,---,17.65,6.23,Ia,10,2MASX J03232113-2207024,,
ASASSN-18ag,SN 2018ds,2018-01-09.46,'14:48:53.57,'+38:46:03.68,0.03161,16.9,---,17.02,4.17,Ia,2,MCG +07-30-065,,
ASASSN-18ah,SN 2017jfb,2018-01-09.14,'05:28:51.20,'-35:44:35.27,Unk,17.6,---,17.04,6.04,Ia,-3,2MASXi J0528516-354436,,
ASASSN-18aj,SN 2018dx,2018-01-10.210,'09:16:12.28,'+39:03:42.77,0.06,17.3,---,17.14,1.06,Ia,4,SDSS J091612.25+390341.8,,
ASASSN-18al,SN 2018ep,2018-01-12.39,'11:22:40.75,'+12:01:31.66,0.039841,17.1,---,16.83,3.16,Ia,10,IC 2777,,
ASASSN-18am,SN 2018gk,2018-01-13.64,'16:35:53.90,'+40:01:58.30,0.031009,16.6,---,15.91,8.55,II,14,WISE J163554.27+400151.8,,
ASASSN-18an,SN 2018gl,2018-01-13.57,'09:58:06.11,'+10:21:33.62,0.017906,16.8,---,16.05,12.5,Ia,8,NGC 3070,,
ASASSN-18ao,AT 2018gm,2018-01-14.32,'10:21:19.14,'+20:54:37.33,0.04104,18.1,---,17.72,0.77,Ia,10,SDSS J102119.17+205436.5,,
ASASSN-18ap,SN 2018gn,2018-01-14.12,'01:46:42.38,'+32:30:27.18,0.037503,17.7,---,16.69,1.79,II,13,KUG 0143+322,,
ASASSN-18aq,AT 2018hj,2018-01-16.12,'04:33:27.21,'-38:41:34.98,Unk,18,---,17.75,4.37,Unk,1,LCRS B043143.0-384747,,
ASASSN-18ar,SN 2018hv,2018-01-15.18,'03:30:11.15,'-13:31:22.84,0.040978,18.3,---,17.37,3,Ia,20,2MASX J03301134-1331226,,
ASASSN-18av,AT 2018hy,2018-01-18.06,'01:40:07.54,'-06:25:41.81,0.051165,17.4,16.79,---,0.69,Unk,14,2MASX J01400755-0625426,,
ASASSN-18ax,AT 2018ir,2018-01-19.26,'07:42:47.42,'+19:09:48.10,Unk,18.3,---,17.98,10.38,Unk,2,SDSS J074246.92+190955.6,,
ASASSN-18az,SN 2018jh,2018-01-21.43,'14:21:17.50,'-06:37:38.78,0.0272,16.8,---,16.2,6.05,Ia,9,2MASX J14211713-0637416,,
ASASSN-18ba,SN 2018jm,2018-01-20.05,'05:08:11.96,'-54:38:41.21,0.064,18.1,---,17.46,1.5,Ia,2,GALEXASC J050811.97-543842.4,,
ASASSN-18be,AT 2018jt,2018-01-22.12,'06:13:11.53,'-49:06:11.66,Unk,17.9,---,17.52,11.28,Unk,2,2MASX J06131068-4906047,,
ASASSN-18bi,SN 2018ko,2018-01-24.43,'12:21:35.22,'+15:59:08.92,0.033303,17,---,16.24,8.95,Ia,6,VCC 0485,,
ASASSN-18bj,SN 2018kq,2018-01-24.34,'09:24:57.27,'+40:23:56.15,0.027804,17.7,---,17.25,7.45,Ic-BL,-4,KUG 0921+406,,
ASASSN-18bk,SN 2018kz,2018-01-26.45,'14:31:44.15,'+45:46:41.95,0.035171,18.1,---,17.2,0.6,Ia,9,2MASX J14314417+4546407,,
ASASSN-18bm,SN 2018lm,2018-01-28.31,'10:32:04.87,'-36:37:29.28,0.045,17.5,---,16.8,9.12,Ia,6,GALEXASC J103204.97-363738.3,,
ASASSN-18bq,SN 2018mc,2018-01-29.51,'18:01:00.83,'+61:41:46.93,0.035,17.4,---,17.2,2.8,IIb,1,WISEA J180100.44+614146.8,,
ASASSN-18bt,SN 2018oh,2018-02-04.410,'09:06:39.65,'+19:20:17.56,0.010981,15.2,---,14.18,8.4,Ia,9,UGC 04780,,
ASASSN-18bu,SN 2018pg,2018-02-03.05,'05:07:01.07,'-32:41:09.85,0.066673,18.1,---,17.65,5.97,Ia,3,2MASX J05070078-3241051,,
ASASSN-18bw,SN 2018pj,2018-02-04.18,'07:10:31.73,'+32:38:45.96,0.055,18,---,17.37,14.38,Ia,8,2MASX J07103280+3238411,,
ASASSN-18bx,SN 2018po,2018-02-06.94,'11:32:51.93,'-38:45:42.91,0.032,16.9,---,16.66,23,Ia,3,WISEA J113252.03-384605.8,,
ASASSN-18cb,SN 2018pq,2018-02-08.38,'12:55:31.25,'-50:03:16.96,0.007111,15.7,15.62,---,60.46,II,0,IC 3896A,,
ASASSN-18cc,SN 2018qp,2018-02-09.66,'14:14:32.39,'+03:11:22.16,0.026934,16.3,---,16.5,5.85,Ia,8,IC 0988,,
ASASSN-18ce,SN 2018rw,2018-02-10.13,'06:09:39.22,'-33:35:23.56,0.037,18.1,---,17.75,9.69,Ia,4,FAIRALL 1138,,
ASASSN-18cj,SN 2018tq,2018-02-10.28,'12:41:51.32,'+23:30:43.63,0.028676,18.1,---,17,5.28,Ia,6,IC 3671,,
ASASSN-18ck,SN 2018tr,2018-02-13.30,'10:51:50.10,'+25:02:41.14,0.045563,17.8,---,17.17,0.28,Ia,-7,2MASX J10515007+2502409,,
ASASSN-18cl,AT 2018ts,2018-02-13.25,'11:09:14.58,'-12:55:53.36,0.025568,17.7,---,17.56,0.75,Unk,21,2MASX J11091457-1255536,,
ASASSN-18co,SN 2018tt,2018-02-13.18,'09:54:23.21,'-14:39:15.19,0.060005,18,---,16.8,10.63,Ia,15,2MASX J09542381-1439215,,
ASASSN-18cp,SN 2018tz,2018-02-13.29,'11:05:56.78,'+37:37:30.50,0.047199,17.9,---,17.07,1.01,Ia,3,KUG 1103+378,,
ASASSN-18cq,SN 2018ub,2018-02-13.38,'11:54:58.71,'+06:19:47.24,0.023356,18.2,---,17.19,2.98,II,14,CGCG 040-065,,
ASASSN-18cu,AT 2018vo,2018-02-15.08,'05:16:55.15,'-38:39:41.15,Unk,18.7,---,16.7,7.9,Unk,13,2MASX J05165462-3839357,,
ASASSN-18cy,SN 2018vs,2018-02-14.13,'07:02:22.50,'-49:43:31.87,0.045825,17.7,---,17.36,3.49,Ia,-1,ESO 207- G 015,,
ASASSN-18da,AT 2018vw,2018-02-17.09,'03:29:16.64,'-23:58:43.10,0.02,16.5,---,15.23,3.91,Ia,14,GALEXASC J032916.48-235840.2,,
ASASSN-18db,SN 2018vx,2018-02-17.43,'14:43:10.42,'+17:28:17.08,0.043,17.1,---,16.51,0.57,Ia-91T,12,UNCATALOGUED,,
ASASSN-18dd,SN 2018wd,2018-02-17.48,'16:53:55.89,'+35:15:15.16,0.037314,17.3,---,16.98,4.65,Unk,13,2MASX J16535612+3515186,,
ASASSN-18dj,AT 2018xv,2018-02-19.83,'06:00:58.90,'-17:59:33.04,0.0221,17.6,---,16.9,2.95,Ic-BL,7,2MASX J06005908-1759313,,
ASASSN-18dk,SN 2018xy,2018-02-21.16,'09:16:22.10,'+10:13:54.70,0.030875,17.3,---,16.5,0.45,Ia,10,CGCG 062-012,,
ASASSN-18dl,AT 2018xz,2018-02-21.25,'10:02:31.44,'+13:43:41.48,0.033537,17.6,---,16.9,0.29,Ia,4,2MASX J10023148+1343409,,
ASASSN-18dm,SN 2018yc,2018-02-22.32,'11:52:45.49,'+37:51:15.26,0.035,17.7,---,17.55,2.34,Ia,7,WISEA J115245.36+375117.0,,
ASASSN-18dn,AT 2018yd,2018-02-22.09,'06:10:58.95,'-33:41:18.38,0.03848,17.9,---,17.3,1.06,Ia,2,2MASX J06105892-3341177,,
ASASSN-18dr,SN 2018yg,2018-02-23.23,'12:25:58.53,'+04:28:26.28,0.018469,17.3,---,16.05,0.44,Ic-BL,5,ARK 364,,
ASASSN-18dt,SN 2018yh,2018-02-24.26,'14:09:01.40,'-30:33:25.99,0.023436,16.6,---,16.52,6.53,Ia,-11,2MASX J14090127-3033321,,
ASASSN-18du,SN 2018yi,2018-02-17.23,'13:38:20.19,'-06:15:10.15,0.054971,18.1,---,17.22,7.9,Ia,12,LCRS B133543.8-060003,,
ASASSN-18dv,SN 2018yj,2018-02-25.11,'05:03:19.69,'-10:58:18.05,0.035,17.1,---,16.82,3.22,Ia,0,2MASX J05031988-1058163,,
ASASSN-18ef,SN 2018yq,2018-02-22.33,'12:15:23.14,'+27:37:35.11,0.035949,18.3,---,17.27,0.72,Ia,12,2MASX J12152315+2737346,,
ASASSN-18el,SN 2018zf,2018-03-03.50,'19:27:19.48,'+65:33:54.36,0.017,15.3,---,15.24,0.37,II,13,2MASX J19271951+6533539,,
ASASSN-18em,SN 2018zv,2018-03-04.03,'02:23:01.71,'-36:52:59.23,0.04309,17,---,16.41,11.83,Ia,2,ESO 355-IG 013 NED02,,
ASASSN-18en,SN 2018zz,2018-03-03.92,'14:03:39.03,'-33:58:42.82,0.013763,16,---,14.96,4.07,Ia,8,NGC 5419,,
ASASSN-18eo,SN 2018aad,2018-03-05.08,'03:58:01.50,'-65:30:24.52,0.01,16.7,---,16.2,1.36,II-pec,14,GALEXASC J035801.64-653024.6,,
ASASSN-18et,SN 2018aay,2018-03-06.08,'10:32:34.75,'-02:41:18.82,0.0309,17.5,---,16.97,0.54,Ia,-2,LCRS B103002.1-022549,,
ASASSN-18ev,SN 2018abn,2018-03-04.02,'03:31:52.96,'-52:07:24.71,0.039461,17.5,---,16.51,0.81,Ia,3,ESO 200-IG 037 NED01,,
ASASSN-18ew,SN 2018aca,2018-03-07.17,'10:22:50.79,'+14:03:16.99,0.041692,17.1,---,16.84,1.35,Ia,-1,SDSS J102250.88+140316.5,,
ASASSN-18ex,SN 2018abo,2018-02-26.30,'11:51:59.84,'+09:42:11.20,0.050822,18.2,---,16.89,0.46,Ic,7,2MASX J11515984+0942111,,
ASASSN-18ez,AT 2018abr,2018-03-07.06,'04:51:20.28,'-18:41:53.74,Unk,18.2,---,17.09,5.02,Unk,-4,2MASX J04512041-1841487,,
ASASSN-18fc,AT 2018acv,2018-03-07.09,'04:59:45.39,'-21:50:33.50,0.0535,17.9,---,17.23,6.14,Unk,-4,2MASX J04594562-2150283,,
ASASSN-18fd,AT 2018acw,2018-03-09.03,'06:22:06.83,'-05:31:08.98,Unk,16.6,16.68,---,1.1,Unk,0,WISEA J062206.79-053108.0,,
ASASSN-18ff,SN 2018agb,2018-03-13.13,'04:57:31.62,'-50:10:26.80,0.042006,17.7,---,16.55,9.13,Ia,19,ESO 203- G 013,,
ASASSN-18fm,AT 2018ahv,2018-03-16.38,'14:48:15.88,'+26:17:04.63,0.051622,18.4,---,16.86,0.26,Ia,-31,2MASX J14481584+2617048,,
ASASSN-18fn,SN 2018ais,2018-03-17.93,'11:38:47.17,'-33:10:05.23,0.035658,17.5,---,16.39,1.09,Ia,16,2MASX J11384720-3310063,,
ASASSN-18fo,AT 2018ait,2018-03-16.29,'14:56:51.22,'+50:04:00.12,0.072351,18,---,16.12,4.58,Unk,43,SDSS J145650.75+500400.7,,
ASASSN-18ft,SN 2018ajp,2018-03-18.82,'06:27:03.79,'-25:38:23.24,0.024227,17.3,---,16.17,2.74,Ia,10,2MASX J06270377-2538204,,
ASASSN-18fw,SN 2018aki,2018-03-21.15,'08:17:06.91,'+56:00:19.01,0.030211,17.3,---,16.36,0.16,Ia,8,2MASX J08170689+5600187,,
ASASSN-18ga,SN 2018aks,2018-03-22.26,'10:29:51.63,'+09:00:46.84,0.04797,18,---,17.38,9.88,Ic,12,2MASX J10295135+0900385,,
ASASSN-18ge,SN 2018alc,2018-03-24.24,'14:33:19.87,'+41:16:01.49,0.01814,17.3,---,16.61,4.78,Ib,10,SDSS J143319.96+411556.8,,
ASASSN-18gf,SN 2018aly,2018-03-24.26,'15:01:57.29,'+25:46:16.32,0.044604,17.8,---,16.89,0.6,Ia,6,2MASX J15015731+2546168,,
ASASSN-18gg,SN 2018amc,2018-03-23.26,'10:58:00.78,'+72:26:26.56,0.01,17.1,---,16.82,2.64,II,6,GALEXASC J105800.28+722628.0,,
ASASSN-18gi,SN 2018amo,2018-03-26.27,'13:14:25.41,'+50:58:40.12,0.029664,17.5,---,15.84,8.05,Ia,12,CGCG 271-025,,
ASASSN-18gk,SN 2018amp,2018-03-25.96,'13:37:36.14,'-31:57:52.16,0.047,17.1,---,16.39,6.7,Ia-SC,-11,WISEA J133735.98-315758.5,,
ASASSN-18gs,SN 2018apn,2018-04-03.27,'15:50:03.54,'+42:05:18.49,0.039,17,---,16.6,0.24,Ia,-2,SDSS J155003.56+420518.3,,
ASASSN-18gt,SN 2018apo,2018-04-02.88,'12:45:05.25,'-44:00:23.62,0.016254,16.3,---,15.01,4.06,Ia-91T,14,ESO 268-G 037,,
ASASSN-18gu,SN 2018aqa,2018-04-04.18,'09:12:20.28,'+13:40:23.59,0.02883,16.5,---,16.41,2.4,Ia,-1,CGCG 062-004,,
ASASSN-18gw,AT 2018aqd,2018-04-04.10,'08:30:30.76,'-67:14:53.56,Unk,16.3,---,16.15,9.3,Unk,0,WISEA J083030.85-671444.2,,
ASASSN-18gz,SN 2018aqe,2018-04-05.23,'14:35:53.71,'+35:17:15.22,0.044557,17.2,---,16.35,1.28,Ia,-7,2MASX J14355382+3517148,,
ASASSN-18hb,SN 2018aqi,2018-04-06.08,'10:48:25.44,'-25:09:35.82,0.012509,16.4,---,15.45,27.93,Ia,6,NGC 3393,,
ASASSN-18hd,SN 2018aqj,2018-04-06.27,'12:01:43.10,'+08:08:04.13,0.041092,17,---,16.9,0.43,Ia,8,2MASX J12014308+0808037,,
ASASSN-18he,SN 2018aqk,2018-04-05.11,'12:04:58.32,'+32:23:28.79,0.054054,17.8,---,17.8,8.56,Ia,-6,CGCG 187-001,,
ASASSN-18hf,SN 2018aqn,2018-04-07.35,'13:33:52.57,'-37:43:59.02,0.024587,17.1,---,16.88,55.51,IIn,-3,ESO 383-G 019,,
ASASSN-18hg,SN 2018ard,2018-04-08.28,'13:31:19.60,'-33:13:54.16,0.05,17.5,---,16.72,0.45,Ia,-9,WINGS J133119.62-331354.0,,
ASASSN-18hh,SN 2018are,2018-04-05.17,'13:49:27.10,'+26:27:42.55,0.076358,18.3,---,17.56,4.71,Ia-91T,18,2MASX J13492678+2627426,,
ASASSN-18hq,SN 2018arx,2018-04-09.18,'14:06:34.81,'-32:34:44.08,0.033853,17.2,---,17.37,7.12,IIb,8,ESO 446-G 008,,
ASASSN-18hu,AT 2018atn,2018-04-12.03,'13:27:57.60,'-24:29:44.92,0.026492,17.3,---,16.37,35.31,Ia,-6,ESO 509-G 018,,
ASASSN-18hv,AT 2018auj,2018-04-09.45,'14:53:46.96,'+72:35:52.91,Unk,17.6,---,17.4,0.7,Unk,11,2MASX J14534719+7235530,,
ASASSN-18hw,SN 2018aum,2018-04-13.33,'14:22:02.16,'-28:02:31.92,0.025164,18,---,16.3,5.46,II,-14,2MASX J14220184-2802358,,
ASASSN-18hy,SN 2018aun,2018-04-14.39,'21:31:48.13,'-46:02:30.98,0.03,16.6,---,16.49,3.61,Ia,1,2MASS J21314844-4602319,,
ASASSN-18hz,SN 2018aur,2018-04-14.30,'12:44:38.49,'+06:18:04.75,0.056088,18.2,---,17.17,0.15,Ia,-8,2MASX J12443847+0618049,,
ASASSN-18ia,SN 2018aus,2018-04-14.94,'11:00:11.08,'-36:31:40.44,0.06,17.9,---,17.16,3.21,Ia,3,2MASX J11001114-3631436,,
ASASSN-18ie,AT 2018avh,2018-04-16.27,'13:11:39.38,'+06:19:10.27,0.04576,17.4,---,17.02,0.95,Unk,9,VIII Zw 260W,,
ASASSN-18ii,SN 2018avp,2018-04-16.26,'13:00:26.53,'+18:37:09.84,0.052717,17.9,---,17.23,4.54,Ia,9,SDSS J130026.83+183711.1,,
ASASSN-18im,SN 2018avv,2018-04-17.22,'13:51:34.32,'-05:53:25.08,0.06,17.8,---,17.22,1.14,Ia,-8,WISEA J135134.34-055325.7,,
ASASSN-18io,SN 2018awn,2018-04-20.23,'11:30:11.64,'+04:24:55.57,0.029123,16.9,---,16.17,0.62,Ia,11,2MASX J11301164+0424561,,
ASASSN-18is,AT 2018awo,2018-04-19.96,'12:16:22.85,'-35:01:04.94,0.06,18.1,---,17.09,10,Ia,-4,GALEXASC J121622.42-350056.3,,
ASASSN-18it,SN 2018awt,2018-04-19.93,'11:48:45.28,'-18:24:36.11,0.07,18.2,---,16.66,2.71,Ia,6,GALEXASC J114845.20-182438.5,,
ASASSN-18iu,SN 2018aye,2018-04-21.32,'17:57:40.18,'+50:02:18.92,0.017,18,---,15.69,25.31,Ia,14,SDSS J175740.70+500154.1,,
ASASSN-18iv,SN 2018ayf,2018-04-21.74,'09:41:10.65,'+24:01:21.00,0.070028,17.2,---,16.85,3.34,Ia-91T,9,2MASX J09411042+2401218,,
ASASSN-18iw,SN 2018ayg,2018-04-21.28,'14:43:39.15,'+18:52:12.25,0.030973,18.1,---,16.72,1.23,Ia,15,2MASX J14433925+1852124,,
ASASSN-18ji,SN 2018beh,2018-05-04.04,'09:31:23.03,'+17:48:27.90,0.06,17.4,---,16.82,1.68,Ib/c,-4,WISEA J093123.04+174828.2,,
ASASSN-18jk,SN 2018bfa,2018-05-05.04,'10:15:30.23,'-72:42:37.01,0.029,16.8,---,16.5,8.7,Ia,2,2MASS J10153212-7242350,,
ASASSN-18jl,SN 2018bfc,2018-05-05.41,'23:22:58.45,'-01:01:39.18,0.034266,17,---,16.99,2.58,Ia,0,SDSS J232258.36-010141.2,,
ASASSN-18jm,SN 2018bfg,2018-05-05.84,'11:41:01.79,'-33:40:47.32,0.053,17.6,---,17.3,1.3,Ia,1,WISEA J114101.88-334047.6,,
ASASSN-18jn,SN 2018bfh,2018-05-06.16,'10:22:41.13,'+15:56:21.48,0.044541,17,---,16.77,0.44,Ia,6,CGCG 094-019,,
ASASSN-18jo,SN 2018bfq,2018-05-05.72,'09:38:14.91,'-08:47:17.70,0.06,17.7,---,17.05,0.46,Ia,-8,2MASXi J0938149-084717,,
ASASSN-18jp,SN 2018bfr,2018-05-04.74,'11:04:47.46,'-15:37:59.20,0.071746,17.9,---,17.42,9.61,Ia,2,2MASX J11044706-1538068,,
ASASSN-18jv,AT 2018bkw,2018-05-13.04,'10:22:52.67,'-19:40:14.02,0.021512,17.3,---,16.98,2.27,Unk,5,2MASX J10225269-1940116,,
ASASSN-18kd,SN 2018brz,2018-05-15.07,'08:33:22.28,'-76:37:39.86,0.019,16.5,---,16.1,3.69,Ia,7,2MASX J08332211-7637363,,
ASASSN-18ke,SN 2018bsg,2018-05-15.75,'10:10:28.16,'+02:13:48.76,0.021686,17.9,---,17.27,8.36,IIb,13,UGC 05487,,
ASASSN-18kh,SN 2018bsh,2018-05-15.97,'14:39:30.17,'-35:11:21.12,0.06,17.9,---,17.71,10.3,Ia,2,WISEA J143930.63-351112.5,,
ASASSN-18kl,SN 2018bsr,2018-05-16.32,'19:27:38.75,'+61:56:50.06,0.04,17.3,---,16.13,41.55,Ia,13,VII Zw 884,,
ASASSN-18km,SN 2018bsz,2018-05-17.00,'16:09:39.10,'-32:03:45.72,0.026665,17.2,---,16.02,1.92,II,7,2MASX J16093905-3203443,,
ASASSN-18kn,SN 2018btm,2018-05-13.61,'23:19:44.46,'+22:30:08.24,0.039,17.3,---,16.55,8.76,Ia,-4,2MASX J23194510+2230081,,
ASASSN-18ko,SN 2018btn,2018-05-17.92,'13:33:36.46,'-33:12:25.81,0.048617,18,---,16.9,1.35,Ia,10,2MASX J13333656-3312251,,
ASASSN-18kp,SN 2018btr,2018-05-17.710,'10:02:05.82,'-15:17:54.46,0.031275,17.6,---,16.68,0.41,Ia,11,MCG -02-26-021,,
ASASSN-18kq,SN 2018buh,2018-05-17.22,'14:53:25.44,'+33:16:59.99,0.033313,17.2,---,16.53,0.64,Ia,12,LCSB S2104O,,
ASASSN-18kr,SN 2018bui,2018-05-18.15,'14:20:43.43,'+13:41:42.61,0.020339,17.9,---,16.83,7.24,II,6,KUG 1418+139,,
ASASSN-18ks,SN 2018buz,2018-05-20.28,'20:49:37.71,'-55:06:17.78,0.052,17.5,---,17.14,14.3,Ia,-8,WISEA J204938.32-550605.3,,
ASASSN-18ky,SN 2018bvi,2018-05-20.37,'14:14:18.42,'+10:40:41.56,0.02417,17.6,---,17.37,6.66,Ib,4,SDSS J141418.55+104047.9,,
ASASSN-18kz,SN 2018bwv,2018-05-23.41,'00:57:09.85,'-43:43:38.28,0.02377,16.2,---,15.73,1.84,Ia,10,NGC 0322,,
ASASSN-18ld,AT 2018bxq,2018-05-24.13,'16:36:53.50,'-85:09:00.28,Unk,17.1,---,15.52,20.2,Unk,24,WISEA J163639.27-850851.2,,
ASASSN-18le,SN 2018byw,2018-05-24.27,'21:38:16.82,'-27:33:28.15,0.029991,17,---,17.06,0.56,Ia,2,2MASX J21381685-2733285,,
ASASSN-18lh,SN 2018bzn,2018-05-26.06,'10:37:46.10,'+05:28:01.92,0.028242,16.7,---,15.68,0.23,Ia,12,SDSS J103746.12+052802.0,,
ASASSN-18lk,AT 2017bwx,2018-05-31.98,'09:09:04.71,'+20:05:45.06,0.027616,16.5,---,16.21,5.27,Unk,6,CGCG 091-005,,
ASASSN-18ll,AT 2018cdh,2018-06-02.31,'15:11:42.60,'+06:25:12.00,0.031916,17,---,16.68,0.04,Unk,3,SDSS J151142.60+062511.9,,
ASASSN-18lr,AT 2018cey,2018-06-05.02,'10:46:23.00,'+18:40:25.82,Unk,17.4,---,17.28,1.42,Unk,9,SDSS J104623.08+184026.7,,
ASASSN-18ls,SN 2018cez,2018-06-05.39,'01:24:55.84,'-19:48:10.73,0.027,16.7,---,16.74,3.05,II,13,GALEXASC J012455.64-194808.6,,
ASASSN-18lv,SN 2018cgj,2018-06-04.82,'12:51:06.75,'-47:39:01.87,0.012378,17.4,---,17.23,6.48,II,1,ESO 268-G 047,,
ASASSN-18lw,AT 2018cgo,2018-06-05.93,'19:28:50.75,'-19:32:53.92,Unk,16.8,---,16.65,10.1,Unk,3,WISEA J192850.22-193302.1,,
ASASSN-18lz,SN 2018cib,2018-06-04.39,'00:59:30.35,'-52:54:21.38,0.027272,16.6,---,15.54,0.85,Ia-91T,14,2MASX J00593045-5254215,,
ASASSN-18ma,AT 2018chb,2018-06-06.93,'15:16:02.02,'-38:42:46.76,0.039207,17.5,---,17.19,3.03,Unk,6,2MASX J15160198-3842498,,
ASASSN-18mb,SN 2018cif,2018-06-08.36,'22:03:00.93,'+02:35:51.32,0.029,17,---,16.65,13.83,Ia,5,IC 1422,,
ASASSN-18mc,SN 2018cjd,2018-06-10.93,'14:58:20.16,'-37:33:24.34,0.026068,16.9,---,15.64,4.93,Ia,17,ESO 386-G 043,,
ASASSN-18mj,SN 2018cmj,2018-06-13.37,'01:38:53.22,'-42:35:22.52,0.020784,17.2,---,17.16,15.8,II,0,NGC 0644,,
ASASSN-18mk,SN 2018cmk,2018-06-12.99,'11:38:29.66,'+20:31:43.86,0.025724,17,---,15.83,4.94,Ia,16,UGC 06609,,
ASASSN-18ml,SN 2018cmo,2018-06-13.54,'23:14:22.08,'-02:02:01.46,0.025998,16.1,---,16.02,0.23,Ia,-4,NGC 7533,,
ASASSN-18mn,SN 2018cmt,2018-06-13.14,'23:56:55.84,'-24:59:47.18,0.074378,18.3,---,15.42,0.85,Ia,23,2MASX J23565589-2459468,,
ASASSN-18mo,SN 2018cmu,2018-06-12.14,'09:17:59.85,'+50:00:07.81,0.034146,17.5,---,16.6,0.11,Ia,-19,2MASX J09175988+5000079,,
ASASSN-18mr,SN 2018cnf,2018-06-14.35,'23:39:31.17,'-03:08:54.78,0.023763,17.7,---,16.74,5.69,IIn,13,2MASX J23393156-0308565,,
ASASSN-18ms,AT 2018cnh,2018-06-13.17,'11:19:27.21,'+29:22:25.32,0.060568,18.2,---,17.41,3.42,Unk,16,2MASX J11192721+2922223,,
ASASSN-18mu,SN 2018cno,2018-06-13.41,'02:10:32.56,'-06:52:26.54,0.0435,17.3,---,16.56,0.4,Ia,14,2MASX J02103258-0652265,,
ASASSN-18mv,SN 2018cnp,2018-06-10.32,'13:49:39.75,'+47:49:07.90,0.027876,16.5,---,16.12,0.2,Ia,-15,2MASX J13493979+4749084,,
ASASSN-18mx,SN 2018coq,2018-06-16.58,'22:55:06.25,'+11:15:27.65,0.025,16.6,---,16.3,6.76,II,12,GALEXASC J225506.47+111533.5,,
ASASSN-18my,SN 2018cov,2018-06-17.38,'23:49:48.32,'-14:07:10.78,0.051456,17.4,---,16.34,0.13,Ia,6,2MASX J23494835-1407107,,
ASASSN-18mz,SN 2018cqi,2018-06-17.010,'13:57:40.89,'+17:30:29.02,0.022115,17.7,---,16.85,6.85,II,20,IC 0964,,
ASASSN-18na,SN 2018cqw,2018-06-18.21,'18:17:32.21,'+19:26:40.49,0.009843,16.8,---,14.32,0.23,Ia,12,CGCG 113-034,,
ASASSN-18nr,SN 2018ctb,2018-06-19.55,'22:01:08.08,'+20:03:04.25,0.029,16.5,---,16.16,5.98,Ia,-15,KUG 2158+198B,,
ASASSN-18ns,SN 2018cti,2018-06-21.10,'22:17:30.69,'+11:43:16.72,0.035,17.7,---,16.57,3.1,Ia,-14,SDSS J221730.91+114316.3,,
ASASSN-18nt,AT 2018ctv,2018-06-21.19,'01:25:52.03,'-01:22:01.67,0.018,17.2,---,16.55,221.76,Unk,6,ABELL 0194,,
ASASSN-18nu,SN 2018cue,2018-06-22.310,'19:31:59.95,'-62:40:16.28,0.013,18.2,---,17.09,6.98,II,7,GALEXASC J193159.40-624022.2,,
ASASSN-18nx,SN 2018cvk,2018-06-25.40,'19:55:31.94,'-49:53:11.26,0.02473,18.1,---,16.89,20.64,IIn,34,ESO 233-G 007,,
ASASSN-18oa,SN 2018cvn,2018-06-26.34,'01:30:27.12,'-26:47:05.96,0.0198,16.7,---,16,24.02,IIn,8,ESO 476-G 016,,
ASASSN-18od,SN 2018dda,2018-07-04.96,'22:08:14.15,'-25:03:41.57,0.018229,16,---,15.37,4.59,Ia,12,ESO 532-G 021,,
ASASSN-18oe,SN 2018ddb,2018-07-05.05,'00:02:49.71,'-66:11:06.14,0.029,16.7,---,16.32,5.44,Ia,5,IC 5380,,
ASASSN-18oi,SN 2018ddi,2018-07-02.44,'03:39:35.09,'-06:19:30.28,0.0206,15.9,---,15.49,1.04,Ia,4,SDSS J033935.15-061929.9,,
ASASSN-18om,SN 2018ddx,2018-07-07.24,'22:04:59.92,'-56:04:57.28,0.0229,17.3,---,16.66,3.51,II,6,APMUKS(BJ) B220137.90-561932.4,,
ASASSN-18on,SN 2018ddy,2018-07-07.15,'22:59:57.24,'-45:25:54.41,0.0513,17.9,---,17.2,1.99,Ia,2,GALEXASC J225957.21-452556.4,,
ASASSN-18oo,SN 2018dei,2018-07-05.78,'13:23:43.06,'-25:24:32.72,0.041,18.1,---,17.57,3.11,Ia,5,GALEXASC J132343.14-252429.8,,
ASASSN-18op,SN 2018dej,2018-07-06.98,'21:09:46.00,'-50:14:13.63,0.058,17.4,---,16.58,2.53,Ia,-8,GALEXASC J210946.18-501414.9,,
ASASSN-18ou,SN 2018dfh,2018-07-10.44,'05:11:33.40,'-21:16:10.45,0.013836,16.2,---,15.89,9.49,II,11,ESO 553-G 019,,
ASASSN-18pb,SN 2018djd,2018-07-12.36,'02:14:33.99,'-00:45:55.57,0.026385,16.2,---,16.61,7.83,Ia,6,NGC 0863,,
ASASSN-18ph,SN 2018dys,2018-07-15.06,'12:55:10.14,'-05:34:07.79,0.055,17.5,---,17.52,0.19,Ic,-10,GALEXASC J125510.22-053406.8,,
ASASSN-18pi,SN 2018dyv,2018-07-15.06,'19:43:17.28,'-54:34:14.48,0.039841,17.7,---,16.79,20.08,IIn,14,2MASX J19431917-5434257,,
ASASSN-18pl,AT 2018dzt,2018-07-17.22,'21:27:52.88,'-51:19:56.78,0.053127,17.4,---,16.91,22.41,Ia,12,ESO 236-IG 015,,
ASASSN-18pr,SN 2018ebj,2018-07-20.37,'03:53:06.63,'-45:10:51.82,0.051,17.1,16.9,---,0.84,Ia,0,LCRS B035129.8-451941,,
ASASSN-18pu,AT 2018ebu,2018-07-22.05,'21:57:19.82,'-45:34:40.12,0.061,18.1,---,17.46,1.48,Ia,10,2MASX J21571983-4534417,,
ASASSN-18pv,AT 2018ebv,2018-07-22.18,'02:04:06.80,'-17:43:24.96,Unk,17.8,---,17.58,4.54,Unk,0,2MASX J02040678-1743294,,
ASASSN-18pw,SN 2018ebw,2018-07-22.54,'02:41:16.37,'+20:30:16.45,0.03,16.5,---,16.06,1.7,Ia,-17,WISEA J024116.48+203017.0,,
ASASSN-18px,SN 2018ebx,2018-07-21.910,'00:55:26.32,'-74:18:39.71,0.034,17.3,---,16.38,2.78,Ia,4,2MASX J00552674-7418379,,
ASASSN-18qk,SN 2018emt,2018-08-01.13,'22:10:35.57,'-27:14:58.96,0.02395,16.8,---,16.5,3.11,II,3,2MASS J22103576-2714557,,
ASASSN-18qq,AT 2018ena,2018-08-02.06,'19:12:39.79,'-66:32:27.35,Unk,17.2,---,17.09,2.8,Unk,24,WISEA J191239.99-663229.9,,
ASASSN-18qr,AT 2018end,2018-08-02.34,'20:51:32.71,'-46:11:31.13,Unk,17.1,---,16.82,1.3,Unk,2,GALEXASC J205132.58-461131.1,,
ASASSN-18qs,SN 2018enj,2018-08-02.82,'20:05:41.06,'-47:58:41.30,0.03,17,---,16.18,11.71,Ia,-10,NGC 6851B,,
ASASSN-18qv,SN 2018eph,2018-08-04.310,'04:55:50.15,'-61:45:23.98,0.03,16.7,---,16.52,2.18,II,-2,2MASXi J0455502-614521,,
ASASSN-18qw,SN 2018epq,2018-08-05.39,'00:31:26.26,'-49:35:23.56,0.021912,16.6,---,16.49,9.38,II,1,ESO 194-G 024,,
ASASSN-18re,SN 2018eui,2018-08-08.510,'03:13:33.29,'-15:15:19.22,0.031388,16.7,---,16.66,26.85,Ia,-2,MCG -03-09-010,,
ASASSN-18rf,SN 2018euj,2018-08-08.84,'19:52:29.82,'-60:45:51.41,0.034,17.1,---,16.82,10.69,Ia,7,2MASX J19523057-6045422,,
ASASSN-18rn,SN 2018evo,2018-08-08.85,'21:48:38.45,'-43:22:48.43,0.07389,18,---,17.55,2.24,Ia,-6,2MASS J21483845-4322470,,
ASASSN-18ro,SN 2018evt,2018-08-11.00,'13:46:39.21,'-09:38:35.74,0.024971,16.5,15.42,---,13,Ia,11,MCG -01-35-011,,
ASASSN-18rp,AT 2018evv,2018-08-11.05,'13:37:39.07,'-29:08:04.67,0.018176,17.4,---,16.58,9.55,Unk,18,2MASX J13373954-2907572,,
ASASSN-18rq,SN 2018evw,2018-08-11.22,'21:15:14.33,'+02:11:32.32,0.050335,17.6,---,17.4,0.69,Ia,11,IC 1370,,
ASASSN-18rs,SN 2018ezx,2018-08-12.38,'04:08:08.16,'-08:50:00.28,0.032903,17.2,---,17.39,8.56,Ia,-14,NGC 1516B,,
ASASSN-18rt,SN 2018fav,2018-08-12.910,'00:45:58.57,'-21:56:44.34,0.037923,18.1,---,17.9,9.49,Ic,7,2MASX J00455851-2156353,,
ASASSN-18sd,SN 2018fcu,2018-08-13.07,'04:17:54.46,'-49:54:28.48,0.05,17.4,---,16.45,0.46,Ia,19,2MASX J04175445-4954290,,
ASASSN-18sg,SN 2018fcw,2018-08-14.99,'00:50:55.03,'-07:45:59.90,0.055,17.6,---,16.75,11.69,Ia,11,2MASS J00505596-0745536,,
ASASSN-18sl,SN 2018feq,2018-08-17.24,'01:15:18.73,'-44:55:11.17,0.031505,17.8,---,16.09,0.94,Ia-91T,14,ESO 244-G 007,,
ASASSN-18ss,SN 2018fex,2018-08-17.33,'03:55:20.76,'-56:45:14.62,0.02428,17.8,---,17.44,28.88,IIb,7,IC 2014,,
ASASSN-18st,SN 2018fey,2018-08-18.03,'01:22:19.53,'-02:29:47.80,0.06,17.9,---,17.23,4.46,Ia,6,GALEXASC J012219.32-022950.9,,
ASASSN-18sv,SN 2018ffb,2018-08-17.94,'22:58:11.42,'-20:17:03.16,0.07,17.9,---,17.42,0.82,Ia,-2,GALEXASC J225811.55-201702.1,,
ASASSN-18sw,SN 2018ffz,2018-08-18.63,'06:36:01.09,'+83:47:33.76,0.01,16.2,16.4,---,22.95,Ic,-4,MCG +14-04-002,,
ASASSN-18ta,SN 2018fgj,2018-08-20.37,'04:47:32.32,'-02:18:25.34,0.030978,17.3,---,15.98,17.24,Ia,11,UGC 03168,,
ASASSN-18tb,SN 2018fhw,2018-08-21.31,'04:18:06.15,'-63:36:56.66,0.017,16.8,---,16.35,4.83,Ia,2,2MASX J04180598-6336523,,
ASASSN-18tc,SN 2018fhx,2018-08-21.39,'06:24:37.95,'-23:43:59.34,0.023266,17,---,16.06,5.86,Ia,6,2MASX J06243821-2343546,,
ASASSN-18ti,SN 2018fnq,2018-08-31.08,'20:12:29.92,'-44:06:36.07,0.019,17,---,15.57,1.8,Ia,9,WISEA J201230.05-440635.0,,
ASASSN-18tn,SN 2018fpb,2018-08-31.55,'23:59:42.79,'+34:20:39.91,0.0148,16.8,---,16.84,3.18,IIb,1,KUG 2357+340,,
ASASSN-18to,SN 2018fpm,2018-08-31.08,'22:24:21.64,'-33:41:33.28,0.011191,17,---,16.49,5.81,Unk,-6,NGC 7267,,
ASASSN-18tp,SN 2018fqd,2018-09-01.13,'20:51:51.38,'-36:50:12.08,0.039394,17.2,---,17.03,9.06,Ia,0,2MASX J20515213-3650127,,
ASASSN-18tq,SN 2018fqn,2018-09-02.27,'22:39:38.14,'-15:05:09.89,0.052,17.8,---,16.95,1.54,Ia,6,GALEXASC J223938.25-150510.0,,
ASASSN-18tr,SN 2018frv,2018-09-01.12,'20:40:31.14,'-46:34:38.03,0.04313,18,---,17.48,0.64,Ia,6,2MASX J20403120-4634385,,
ASASSN-18ts,SN 2018fsa,2018-09-03.110,'22:25:37.06,'-13:04:30.28,0.043,17.7,---,16.72,2.6,Ia,12,WISEA J222536.90-130431.5,,
ASASSN-18tu,SN 2018ftc,2018-09-04.25,'23:28:03.96,'+09:46:14.92,0.05,17.5,---,17.52,0.59,Ia,1,2MASX J23280396+0946153,,
ASASSN-18ty,SN 2018fub,2018-09-05.26,'00:40:30.67,'-50:41:15.07,0.0288,17.4,---,16.11,0.14,Ia,11,2MASX J00403068-5041153,,
ASASSN-18tz,AT 2018fuc,2018-09-05.33,'04:49:54.50,'-41:56:16.84,0.019657,17.4,---,16.87,24.83,Unk,9,ESO 304-G 024,,
ASASSN-18uc,SN 2018fuj,2018-09-05.38,'04:30:58.50,'-26:46:54.52,0.050745,18.1,---,17.27,4.35,Ia,-11,2MASX J04305853-2646501,,
ASASSN-18ud,SN 2018fuk,2018-09-05.310,'05:45:07.12,'-79:23:47.90,0.017582,17.1,---,15.71,16.2,Ia,9,ESO 016-G 011,,
ASASSN-18ue,SN 2018fvh,2018-09-06.21,'01:15:10.23,'-18:10:59.16,0.073,17.7,---,17.07,1.44,Ia,2,2MASX J01151030-1810578,,
ASASSN-18ug,SN 2018fvi,2018-09-04.31,'01:57:42.56,'-67:11:13.60,0.040421,16.7,---,17.08,13.9,Ia,4,AM 0156-672,,
ASASSN-18uh,SN 2018fvj,2018-09-06.28,'04:29:31.21,'-11:01:51.42,0.066,17.9,---,17.26,5.44,Ia,13,2MASS J04293073-1101519,,
ASASSN-18un,SN 2018fzm,2018-09-09.09,'21:03:19.80,'-51:32:48.08,0.046806,17.3,---,16.76,3.07,Ia,2,2MASX J21031998-5132509,,
ASASSN-18uo,SN 2018fzz,2018-09-09.22,'21:53:29.19,'-53:58:52.39,0.05,18.2,---,17.01,2.54,Ia-91T,-14,GALEXASC J215329.40-535850.6,,
ASASSN-18ux,SN 2018gec,2018-09-10.46,'07:09:53.38,'+54:58:07.72,0.037136,17.2,---,17.11,4,Ia,0,UGC 03700,,
ASASSN-18vc,SN 2018get,2018-09-10.61,'07:34:09.11,'+04:32:57.70,0.004086,16.5,---,16.53,53.69,II,14,UGC 03912,,
ASASSN-18ve,SN 2018gex,2018-09-10.11,'21:31:28.57,'-50:44:59.32,0.030438,18.1,---,17.26,3.71,II,4,2MASX J21312888-5044570,,
ASASSN-18vf,SN 2018gfi,2018-09-12.40,'00:58:53.92,'-24:11:46.79,0.02,17.4,---,15.76,1.86,Ia,12,GALEXASC J005853.87-241144.9,,
ASASSN-18vm,SN 2018ghb,2018-09-14.36,'06:58:27.51,'-28:45:48.85,0.007595,15.1,---,14.52,22.23,Ia,15,ESO 427-G 022,,
ASASSN-18vo,SN 2018gkj,2018-09-14.16,'22:02:26.96,'-64:21:04.56,0.041575,17.5,---,17.04,9.34,Ia,2,2MASX J22022606-6421118,,
ASASSN-18vp,SN 2018gio,2018-09-15.25,'04:20:41.24,'-14:46:52.64,0.030785,17.3,---,16.58,3.75,Ia,9,IC 0367,,
ASASSN-18wd,SN 2018gva,2018-09-25.48,'07:51:09.58,'+62:05:12.16,0.021465,16,---,16.07,25.04,Ia,3,CGCG 286-070,,
ASASSN-18wf,SN 2018gyr,2018-09-30.02,'00:49:47.21,'-61:39:13.03,0.034551,17.2,---,16.87,0.08,Ia,5,2MASX J00494722-6139127,,
ASASSN-18wg,SN 2018gys,2018-09-30.710,'23:17:53.46,'-42:12:47.38,0.06,18,---,17.29,0.61,Ia,4,LCRS B231508.2-422911,,
ASASSN-18wq,SN 2018hay,2018-10-02.63,'09:23:17.66,'+42:22:48.57,0.009,16.4,---,16.53,0.6,II,3,SDSS J092317.60+422248.7,,
ASASSN-18wr,SN 2018hbh,2018-10-03.010,'22:20:35.89,'-30:11:59.06,0.0701,17.7,---,16.81,3.25,Ia,-17,GALEXASC J222036.16-301159.2,,
ASASSN-18wx,AT 2018hch,2018-10-04.87,'20:29:35.59,'-54:28:44.36,Unk,17,---,16.54,1.33,Unk,10,GALEXASC J202935.44-542844.5,,
ASASSN-18xa,SN 2018hck,2018-10-05.01,'04:34:46.27,'-13:29:02.22,0.033226,17.6,---,16.28,6.83,Ia,-3,2MASX J04344671-1329047,,
ASASSN-18xb,SN 2018hcq,2018-10-06.33,'08:20:25.85,'-65:20:30.52,0.035491,17,---,16.89,5.45,Ia-91T,13,ESO 089-G 019,,
ASASSN-18xd,AT 2018hdm,2018-10-07.33,'23:53:40.39,'-34:04:29.03,0.056,18,---,17,2.55,Unk,17,2MASS J23534025-3404302,,
ASASSN-18xe,AT 2018hdn,2018-10-07.86,'21:01:34.25,'-09:26:09.89,0.037,17.5,---,16.97,0.6,Ia,-7,WISEA J210134.24-092610.6,,
ASASSN-18xf,SN 2018hdo,2018-10-08.08,'04:42:37.85,'-53:16:01.16,0.041,17.4,---,17.14,3.77,Ia,-10,2MASX J04423745-5316010,,
ASASSN-18xg,SN 2018hdp,2018-10-08.02,'02:13:45.04,'+04:06:08.17,0.011461,16.9,---,16.35,0.25,Ic,5,UGC 01716,,
ASASSN-18xj,AT 2018hek,2018-10-07.17,'00:01:27.94,'-42:25:15.42,0.05371,18,---,17.1,0.32,Unk,13,LCRS B235854.2-424158,,
ASASSN-18xk,SN 2018hfg,2018-10-09.49,'08:52:56.18,'+42:24:46.66,0.023863,16.9,---,15.94,9.14,IIn,17,UGC 04642,,
ASASSN-18xl,SN 2018hfm,2018-10-09.63,'09:36:08.69,'+06:15:27.72,0.008087,15,---,15.07,2.83,II,1,2MASS J09360855+0615258,,
ASASSN-18xm,SN 2018hfp,2018-10-07.76,'20:59:47.86,'-16:38:11.90,0.029037,16.7,---,16.34,6.6,Ia,12,MCG -03-53-015,,
ASASSN-18xn,SN 2018hfr,2018-10-10.49,'09:30:55.04,'-04:34:16.64,0.022599,15.9,---,15.66,1.09,Ia-91T,9,2MASX J09305509-0434173,,
ASASSN-18xp,SN 2018hfu,2018-10-09.90,23:54:50.92,'+05:42:58.18,0.0498,17.8,---,16.77,13.8,Ia-91T,10,WISEA J235451.41+054309.6,,
ASASSN-18xq,AT 2018hgb,2018-10-10.10,'04:18:56.24,'-02:33:22.03,0.017269,18.1,---,17.8,0.05,Unk,1,2MASX J04185624-0233220,,
ASASSN-18xr,SN 2018hgc,2018-10-10.04,'00:42:04.55,'-02:37:44.51,0.051782,18.2,---,16.81,19.7,Ia,17,2MASX J00420581-0237394,,
ASASSN-18xs,SN 2018hgd,2018-10-10.99,'00:22:05.32,'+07:03:50.72,0.025,17.3,---,16.16,1.51,II,16,GALEXASC J002205.41+070351.5,,
ASASSN-18xv,AT 2018hgp,2018-10-11.13,'22:14:03.75,'+37:34:52.75,Unk,17.9,---,16.84,0.8,Unk,-7,GALEXASC J221403.80+373452.2,,
ASASSN-18xw,SN 2018hhp,2018-10-14.19,'02:42:33.42,'-09:28:04.15,0.030958,17.3,---,16.5,0.18,Ia,6,MCG -02-07-072,,
ASASSN-18xy,SN 2018hjw,2018-10-11.59,'07:53:02.16,'+07:16:35.18,0.038,16.9,---,16.55,1.98,Ia-91T,15,CGCG 030-025,,
ASASSN-18ya,SN 2018hkq,2018-10-15.38,'10:05:47.95,'-17:26:04.34,0.016598,15.9,---,15.45,0.83,Ia,1,IC 2541,,
ASASSN-18yb,SN 2018hkw,2018-10-16.25,'02:38:22.73,'-11:44:19.90,0.026895,17.6,---,16.81,5.06,Ia-91bg,7,2MASX J02382311-1144215,,
ASASSN-18yc,SN 2018hkx,2018-10-16.37,'04:00:53.81,'-66:40:30.61,0.025,17.4,---,16.17,5.72,Ia,10,2MASX J04005460-6640336,,
ASASSN-18yf,SN 2018hme,2018-10-20.37,'09:35:39.25,'-17:23:11.28,0.014123,15.8,---,15.56,8.65,Ia,0,MCG -03-25-010,,
ASASSN-18yk,SN 2018hox,2018-10-27.07,'16:36:15.69,'+66:14:24.50,0.02413,16.1,---,15.63,1.36,Ia,-1,UGCA 413,,
ASASSN-18yn,SN 2018hpu,2018-10-17.86,'03:18:21.23,'-41:36:34.85,0.067,18.2,---,17.22,0.33,Ia,11,LCRS B031632.6-414727,,
ASASSN-18yo,SN 2018hrp,2018-11-01.06,'19:14:12.47,'-49:32:51.07,0.035,17.6,---,17,0.35,Ia,3,2MASX J19141248-4932513,,
ASASSN-18yp,SN 2018hrq,2018-10-17.42,'23:51:06.24,'+01:03:24.23,0.027062,17.5,---,16.76,0.15,II,3,UGC 12810,,
ASASSN-18yr,SN 2018hsh,2018-11-01.24,'23:11:49.64,'-40:22:18.08,0.036962,17.2,---,16.54,3.83,Ia,4,2MASX J23114995-4022172,,
ASASSN-18ys,AT 2018hsk,2018-11-01.110,'06:42:39.09,'-53:14:26.12,0.027012,16.5,---,16.02,3.79,Unk,5,6dF J0642387-531423,,
ASASSN-18yu,AT 2018hsr,2018-11-03.17,'00:53:48.57,'-60:47:44.81,0.027666,17.5,---,16.97,10.55,Unk,19,2MASX J00534739-6047509,,
ASASSN-18yv,SN 2018hss,2018-11-02.13,'04:13:00.26,'-53:59:31.49,0.043,17.5,---,17.21,10.22,Ia,6,FAIRALL 0765,,
ASASSN-18yw,SN 2018hsy,2018-11-03.46,'09:30:29.80,'+16:20:37.32,0.028245,17,---,16.26,1.15,Ia,22,CGCG 091-100,,
ASASSN-18yx,SN 2018hsz,2018-11-02.30,'03:56:20.64,'-54:00:38.77,0.061709,17.7,---,17.37,0.29,Ia,4,FAIRALL 0761,,
ASASSN-18yy,SN 2018hts,2018-11-01.91,'23:24:32.96,'+17:05:37.54,0.04,16.8,---,16.42,11.47,Ia,3,GALEXMSC J232433.40+170528.0,,
ASASSN-18yz,AT 2018huu,2018-11-05.010,'17:55:04.46,'+41:23:54.42,Unk,17.8,---,17.33,0.43,Unk,11,2MASX J17550444+4123549,,
ASASSN-18ze,SN 2018hxf,2018-11-06.37,'04:22:17.91,'-05:28:05.56,0.0296,17.3,---,17.07,7.19,II,9,2MASX J04221796-0527576,,
ASASSN-18zf,AT 2018hxg,2018-11-02.26,'06:07:19.80,'-49:13:08.57,Unk,17.8,---,17.17,0.48,Unk,5,2MASX J06071977-4913084,,
ASASSN-18zg,AT 2018hxh,2018-11-04.07,'21:48:36.14,'-62:44:38.26,0.064595,18.1,---,17.6,0.56,Unk,5,2MASX J21483624-6244383,,
ASASSN-18zh,AT 2018hxj,2018-11-06.25,'01:33:56.18,'-39:05:08.81,0.029687,17.9,---,17.35,28.22,Unk,5,ESO 297-IG 001,,
ASASSN-18zi,AT 2018hyx,2018-11-06.210,'04:29:27.07,'-47:04:23.38,Unk,18.3,---,17.15,0.57,Unk,-10,2MASS J04292713-4704232,,
ASASSN-18zk,SN 2018hzg,2018-11-06.63,'11:42:23.66,'+10:15:51.16,0.021692,16,---,16.04,1.02,Ia,11,NGC 3825,,
ASASSN-18zl,AT 2018hzy,2018-11-07.35,'10:48:33.84,'-39:02:38.22,0.044664,17.4,---,16.94,0.54,Unk,26,2MASX J10483385-3902375,,
ASASSN-18zp,AT 2018ido,2018-11-08.19,'01:15:27.37,'-31:23:52.04,0.0531,17.3,---,16.84,0.72,Unk,13,2MASX J01152744-3123520,,
ASASSN-18zq,AT 2018idp,2018-11-06.18,'22:46:59.68,'-26:57:27.79,0.058424,17.7,---,17.58,0.16,Unk,-14,2MASX J22465971-2657280,,
ASASSN-18zs,AT 2018ifr,2018-11-07.91,'00:01:21.91,'-25:11:44.20,0.027702,17.6,---,16.18,0.3,Unk,19,2MASX J00012190-2511446,,
ASASSN-18zt,AT 2018ihk,2018-11-08.21,'00:04:08.68,'-33:36:37.76,0.073521,18.1,---,16.93,0.71,Unk,-16,2MASS J00040874-3336378,,
ASASSN-18zx,SN 2018ino,2018-11-16.45,'11:26:42.50,'+20:43:37.42,0.02094,17.6,---,17.02,2.63,II,38,SDSS J112642.32+204336.7,,
ASASSN-18zy,AT 2018ipz,2018-11-07.48,'09:20:16.55,'+86:03:00.83,Unk,17.9,---,17.44,0.47,Unk,9,2MASX J09201657+8603002,,
ASASSN-18zz,SN 2018ioa,2018-11-18.27,'04:20:32.10,'-38:57:35.93,0.041229,17.5,---,16.96,7.21,Ia,11,LCRS B041846.9-390434,,
ASASSN-19aa,SN 2019A,2019-01-01.01,'11:39:08.58,'-21:32:30.80,0.072293,17.8,---,17.36,11.05,Ia,17,2MASX J11390794-2132244,,
ASASSN-19aah,AT 2019trp,2019-10-27.07,'16:26:19.10,'+43:24:22.46,0.031725,17.6,---,16.74,5.8,Unk,10,WISE J162618.78+432427.1,,
ASASSN-19aak,SN 2019tym,2019-11-02.24,'22:19:43.75,'+36:24:35.28,0.02,17.3,---,15.97,9.04,Ia,11,2MFGC 16828,,
ASASSN-19aat,SN 2019ufq,2019-11-05.05,'23:07:55.17,'-57:41:26.70,0.044,17.1,---,16.34,8.74,Ia,8,2MASS J23075596-5741326,,
ASASSN-19ab,SN 2019B,2018-12-28.210,'00:13:02.47,'+22:06:07.96,0.021,17.8,---,16.41,85.3,II,22,UGC 00118,,
ASASSN-19abg,AT 2019uxv,2019-11-15.05,'19:45:32.03,'-56:33:11.70,0.017477,17.1,---,16.45,39.88,Unk,-8,IC 4890,,
ASASSN-19abk,AT 2019vif,2019-11-20.78,'03:45:35.97,'-38:27:54.54,0.04851,17.7,---,17.05,1.05,Unk,-42,LCRS B034346.5-383713,,
ASASSN-19abl,AT 2019vig,2019-11-20.27,'02:37:58.39,'-62:03:44.78,0.052103,17.6,---,16.82,6.78,Unk,-5,FAIRALL 0224,,
ASASSN-19abm,AT 2019vjf,2019-11-21.94,'06:40:19.00,'-39:54:20.70,Unk,17.5,---,16.51,0.3,Unk,16,WISEA J064019.01-395419.4,,
ASASSN-19abn,AT 2019vjk,2019-11-23.06,'21:48:20.17,'-68:36:50.72,Unk,16.5,---,15.98,1.78,Unk,-9,WISEA J214819.86-683650.4,,
ASASSN-19abo,SN 2019vjl,2019-11-23.50,'09:49:23.67,'+01:08:47.57,0.025017,17.3,---,16.62,12.08,II,-10,NGC 3015,,
ASASSN-19abp,SN 2019vjm,2019-11-23.50,'10:04:41.00,'+04:48:59.15,0.029841,17,---,16.41,6.36,Ia,19,CGCG 036-029,,
ASASSN-19abq,SN 2019vnj,2019-11-25.33,'11:09:01.23,'-14:38:10.32,0.02,16.6,---,16.14,3.84,Ia,7,WISEA J110901.48-143811.1,,
ASASSN-19abt,SN 2019von,2019-11-21.27,'02:09:47.59,'-11:37:46.70,0.039908,17.2,---,16.02,0.23,Ia,5,WISEA J020947.59-113746.9,,
ASASSN-19abw,SN 2019vqc,2019-11-24.27,'05:00:47.34,'-45:52:24.92,0.049,17.6,---,16.61,0.58,Ia,20,WISEA J050047.37-455225.3,,
ASASSN-19abx,SN 2019vqf,2019-11-26.04,'06:15:16.94,'-45:19:05.66,0.066,17.9,---,17.45,2.59,Ia,-4,WISEA J061517.03-451903.1,,
ASASSN-19aby,AT 2019vqh,2019-11-25.34,'11:36:54.22,'-24:35:54.02,0.027072,17.1,---,16.28,13.51,Unk,15,ESO 504-G 004,,
ASASSN-19abz,SN 2019vrp,2019-11-28.310,'01:07:21.32,'+09:45:36.86,0.039069,17.7,---,16.99,0.46,Ia,5,2MFGC 00814,,
ASASSN-19aca,SN 2019vrq,2019-11-28.25,'03:04:21.42,'-16:01:26.98,0.013079,17,---,14.17,2.21,Ia-91T,14,GALEXASC J030421.67-160124.7,,
ASASSN-19acb,AT 2019vsp,2019-11-26.18,'01:17:39.31,'-81:10:38.89,Unk,17.5,---,17.25,3.91,Unk,1,WISEA J011740.85-811037.9,,
ASASSN-19acc,SN 2019vxm,2019-12-01.04,'19:58:28.53,'+62:08:15.79,0.019,15.4,---,14.7,8.4,IIn,14,WISEA J195828.75+620824.8,,
ASASSN-19acx,SN 2019wdx,2019-12-07.39,'08:23:41.45,'+21:26:05.17,0.017155,16.6,---,16.34,0.44,Ia,-1,IC 2341,,
ASASSN-19adg,SN 2019wrz,2019-12-15.48,'12:03:07.12,'+20:48:20.77,0.023666,16.8,---,16.19,1.23,Ia,-2,CGCG 128-002,,
ASASSN-19adi,AT 2019wxr,2019-12-18.09,'22:12:43.28,'-61:53:11.57,0.056399,17.9,---,16.89,12.13,Unk,-13,WISEA J221242.67-615322.9,,
ASASSN-19adm,SN 2019xfi,2019-12-20.33,'12:39:47.96,'-48:17:41.10,0.017969,16.3,---,16,10.21,Ia,4,ESO 218-G 013,,
ASASSN-19adn,AT 2019xgq,2019-12-19.91,'06:28:18.73,'-54:15:08.89,0.052059,17.8,---,17.64,0.06,Unk,1,WISEA J062818.75-541508.8,,
ASASSN-19adp,SN 2019xin,2019-12-22.39,'09:44:48.89,'-16:55:59.81,0.06,17.8,---,17.49,2.55,Ia,6,WISEA J094449.09-165600.1,,
ASASSN-19adq,SN 2019xit,2019-12-22.29,'04:37:17.92,'-22:12:57.42,0.064,18,---,17.16,0.61,Ia-91T,2,WISEA J043717.95-221257.4,,
ASASSN-19adu,SN 2019xtw,2019-12-24.24,'02:43:33.61,'-38:37:30.50,0.015964,17.1,---,16.13,8.14,II,21,ESO 299-G 013,,
ASASSN-19adv,AT 2019xtx,2019-12-23.89,'02:52:13.80,'-39:16:16.54,Unk,17.7,---,16.7,14.8,Unk,-11,WISEA J025214.97-391610.4,,
ASASSN-19adz,SN 2019ybv,2019-12-27.24,'06:50:08.94,'-45:57:38.48,0.04,17.6,---,16.76,3.39,Ia-91T,13,WISEA J065009.20-455737.5,,
ASASSN-19aeb,SN 2019ymy,2019-12-28.24,'22:20:21.35,'+18:56:38.00,0.030581,16.3,---,16.2,11.27,Ia,1,KUG 2217+186,,
ASASSN-19af,SN 2019cj,2019-01-03.26,'04:56:22.92,'-46:02:13.38,0.044521,18.3,---,17.2,20.79,SN,13,AM 0454-460,,
ASASSN-19ah,SN 2019im,2019-01-08.03,'13:17:53.65,'-21:24:11.34,0.04322,17.8,---,17.21,12.08,Ia,15,2MASX J13175286-2124156,,
ASASSN-19ai,AT 2019kh,2019-01-07.19,'04:29:01.62,'-61:16:51.82,Unk,18.2,---,17.26,0.16,Unk,13,GALEXASC J042901.67-611651.0,,
ASASSN-19aj,SN 2019mh,2019-01-09.58,'12:02:36.14,'+04:32:58.60,0.018848,16.2,---,15.87,3.11,SN,12,SDSS J120236.32+043259.7,,
ASASSN-19ao,AT 2019oy,2019-01-10.09,'02:45:28.60,'-62:07:27.55,0.0257,17.7,---,16.66,8.57,Unk,10,2MASX J02452974-6207300,,
ASASSN-19at,SN 2019rm,2019-01-12.24,'05:53:13.25,'-73:06:56.88,0.02,16.2,---,15.82,2.22,Ia,12,2MASX J05531375-7306576,,
ASASSN-19au,AT 2019rv,2019-01-13.21,'09:07:31.75,'-72:11:17.34,Unk,17,---,16.15,18.2,Unk,-4,WISEA J090733.47-721133.7,,
ASASSN-19av,SN 2019rz,2019-01-14.42,'06:50:25.76,'+43:03:11.95,0.018853,17.4,---,16.39,0.58,IIn,7,UGC 03554,,
ASASSN-19bj,AT 2019aeg,2019-01-26.09,'06:33:33.64,'-61:00:27.07,0.046679,18.2,---,17.29,13.24,Unk,-2,ESO 121-G 038,,
ASASSN-19bk,SN 2019aex,2019-01-27.09,'00:39:15.69,'+06:41:18.38,0.038683,17.4,---,16.84,0.26,Ia,2,2MASX J00391571+0641188,,
ASASSN-19bs,SN 2019ahh,2019-01-30.09,'14:02:15.14,'+09:46:58.94,0.022549,17.4,---,16.58,6.49,Ia-91bg,19,2MASX J14021471+0946557,,
ASASSN-19bx,SN 2019aja,2019-02-01.48,'16:23:08.03,'+19:00:20.77,0.036228,16.8,---,16.39,0.88,Ia,-4,CGCG 109-010 NED01,,
ASASSN-19cf,SN 2019amr,2019-02-05.35,'14:16:27.73,'-45:25:12.65,0.035908,17.3,---,16.63,10.17,Ia,8,2MASX J14162872-4525137,,
ASASSN-19ci,SN 2019ano,2019-02-06.14,'08:49:20.66,'+11:11:56.69,0.072,18.1,---,17.67,4.83,Ia-91T,2,SDSS J084920.46+111152.7,,
ASASSN-19co,SN 2019aos,2019-02-06.20,'13:12:38.63,'-30:01:23.95,0.03,17.5,---,16.08,4.54,Ia-91T,14,GALEXASC J131238.32-300121.7,,
ASASSN-19cy,SN 2019axf,2019-02-13.49,'16:24:26.42,'+82:47:41.71,0.023,16,---,15.93,2.3,Ia,1,WISEA J162425.57+824744.8,,
ASASSN-19dh,SN 2019azf,2019-02-22.02,'01:12:31.46,'-45:48:49.86,0.030568,17,---,16.57,5.96,Ia,-2,GALEXASC J011231.92-454853.4,,
ASASSN-19di,AT 2019azg,2019-02-22.03,'02:04:21.51,'-53:28:35.11,Unk,17.8,---,16.91,12.06,Unk,-1,GALEXASC J020422.26-532846.9,,
ASASSN-19dj,AT 2019azh,2019-02-22.03,'08:13:16.94,'+22:38:53.81,0.022346,16.3,---,15.06,0.23,Unk,28,KUG 0810+227,,
ASASSN-19dk,SN 2019bcf,2019-02-25.38,'19:16:21.46,'-40:07:43.97,0.01986,16.6,---,15.46,23.21,Ia,-3,ESO 337-G 016,,
ASASSN-19du,SN 2019bju,2019-02-28.82,'06:06:45.71,'-48:50:53.12,0.029,17.5,---,16.69,3.57,II,-8,2MASX J06064578-4850572,,
ASASSN-19dv,SN 2019bjv,2019-03-01.46,'16:25:38.64,'+47:26:14.06,0.0265,17.8,---,17.87,0.33,Ic,0,SDSS J162538.62+472614.3,,
ASASSN-19dw,SN 2019bjw,2019-03-02.41,'10:55:47.43,'+27:40:17.57,0.03005,17,---,16.37,0.68,Ia,-6,2MASX J10554741+2740166,,
ASASSN-19dx,AT 2019bjx,2019-03-02.11,'06:25:17.32,'-85:41:54.46,0.041665,17.7,---,17.32,16.21,Unk,5,2MASX J06253176-8541548,,
ASASSN-19dy,SN 2019bjy,2019-03-02.24,'13:06:00.94,'-37:36:57.92,0.04901,17.9,---,16.91,1.02,Ia,-10,2MASX J13060097-3736577,,
ASASSN-19dz,SN 2019bjz,2019-03-02.10,'16:02:11.83,'+15:55:05.45,0.03326,16.8,---,15.27,0.46,Ia,-2,III Zw 075 NOTES01,,
ASASSN-19ea,SN 2019bka,2019-03-02.15,'11:44:25.80,'+19:42:48.20,0.024,16.8,---,15.68,5.75,Ia-91T,15,ABELL 1367:[GP82] 0726,,
ASASSN-19eb,SN 2019bkg,2019-03-02.81,'04:53:17.96,'-32:50:49.20,0.036519,17.9,---,17.22,1.91,II,3,GALEXASC J045317.84-325047.7,,
ASASSN-19ec,SN 2019bkh,2019-03-03.39,'13:08:57.32,'+28:16:52.56,0.01951,17.6,---,15.82,3.38,Ia,15,MCG +05-31-141,,
ASASSN-19ed,AT 2019bkz,2019-03-03.83,'03:28:40.99,'-47:14:09.38,0.03883,17.7,---,17.42,8.57,Unk,12,GALEXASC J032840.28-471403.3,,
ASASSN-19et,SN 2019bnc,2019-03-06.05,'13:31:28.44,'+25:12:12.31,0.045645,18,---,17.66,0.83,Ia,9,2MASXi J1331285+251212,,
ASASSN-19ev,SN 2019bpb,2019-03-07.14,'05:12:09.77,'-43:55:16.39,0.06,17.5,---,16.22,6.5,Ia,14,2MASX J05120920-4355163,,
ASASSN-19ew,SN 2019bpc,2019-03-07.43,'12:34:43.78,'+46:57:31.64,0.024449,17.5,---,16.15,5.14,Ia,13,UGC 07744,,
ASASSN-19fa,AT 2019bqd,2019-03-08.05,'03:22:54.10,'-36:45:53.10,0.041062,17.5,---,17.38,17.92,Unk,6,ESO 357-G 024,,
ASASSN-19fh,SN 2019brq,2019-03-07.32,'17:48:38.21,'-66:25:40.66,0.040044,17.6,---,17.14,9.79,Ia,11,2MASX J17483658-6625421,,
ASASSN-19fi,SN 2019bsa,2019-03-12.89,'11:10:51.75,'+28:42:10.98,0.033997,17,---,15.81,3.32,Ia,6,MCG +05-27-004 NED02,,
ASASSN-19fx,SN 2019bse,2019-03-13.35,'09:26:02.54,'+18:56:24.72,0.025,17.2,---,15.83,0.36,Ia,10,SDSS J092602.52+185624.8,,
ASASSN-19gl,SN 2019btp,2019-03-15.35,'17:43:26.01,'+05:38:19.46,0.041856,17.6,---,17.16,25.69,Ia,6,2MASX J17432751+0538323,,
ASASSN-19hg,AT 2019cdb,2019-03-25.05,'04:20:31.85,'-38:57:34.74,0.041229,17.3,---,16.96,5.33,Unk,-1,LCRS B041846.9-390434,,
ASASSN-19hm,SN 2019clh,2019-03-27.12,'13:27:12.99,'-31:08:41.96,0.046332,17.8,---,17.09,5.45,Ia,7,GALEXASC J132713.29-310837.3,,
ASASSN-19hp,SN 2019clp,2019-03-28.34,'12:13:39.84,'+16:07:24.28,0.024184,17.1,---,16.98,7.33,II,2,UGC 07230 NED02,,
ASASSN-19hq,SN 2019clq,2019-03-28.38,'07:36:37.43,'+74:26:46.93,0.012355,16.8,---,16.28,13.85,Ib-pec,1,UGC 03906,,
ASASSN-19hu,SN 2019cmh,2019-03-27.46,'10:34:39.39,'+53:58:23.41,0.046386,18,---,17,4.72,Ia,3,SDSS J103439.83+535820.8,,
ASASSN-19hv,SN 2019com,2019-03-31.210,'18:31:06.91,'-71:41:32.82,0.012799,16.7,---,15.85,4.39,II,15,IC 4712,,
ASASSN-19hw,AT 2019cqp,2019-03-31.910,'02:35:17.55,'-63:11:48.08,Unk,17.5,---,16.53,1.14,Unk,-39,2MASX J02351770-6311480,,
ASASSN-19ih,SN 2019cqs,2019-03-28.01,'04:34:12.99,'-12:51:21.60,0.03835,18,---,16.42,1.21,Ia,14,GALEXASC J043412.96-125119.7,,
ASASSN-19ik,SN 2019csd,2019-03-24.15,'20:45:24.30,'-67:33:11.74,0.034067,16.7,---,16.71,13.88,Ia,0,IC 5032,,
ASASSN-19io,AT 2019ctz,2019-04-04.14,'21:33:10.65,'-18:20:24.50,Unk,17.7,---,17.16,4.65,Unk,7,2MASX J21331035-1820223,,
ASASSN-19ip,SN 2019cvl,2019-04-04.08,'19:32:22.10,'-29:23:07.87,0.023766,16.9,---,16.05,33.06,Ia,10,ESO 460-G 010,,
ASASSN-19iz,AT 2019cwi,2019-04-07.310,'22:02:27.55,'-53:22:10.74,Unk,17.7,---,17.17,6.2,Unk,-3,GALEXASC J220226.96-532206.9,,
ASASSN-19jg,SN 2019cwt,2019-04-08.37,'20:00:40.17,'-34:47:42.57,0.018086,17.1,---,16.76,85.81,Ic-pec,-6,ESO 399-G 014,,
ASASSN-19jl,SN 2019cxy,2019-04-09.01,'10:27:31.73,'-26:24:39.53,0.057456,18,---,16.9,1.42,Ia,7,2MASX J10273182-2624406,,
ASASSN-19jo,AT 2019dex,2019-04-09.42,'22:43:18.73,'-59:24:49.97,0.017179,16.8,---,15.76,0.94,Unk,156,ESO 147-G 006,,
ASASSN-19jr,SN 2019dez,2019-04-10.10,'21:16:01.30,'-58:38:08.59,0.034,17.5,---,17.13,4.9,II,17,APMBGC 144-129-063,,
ASASSN-19jx,SN 2019dkd,2019-04-12.12,'21:02:42.10,'-60:06:19.51,0.0474,17.3,---,16.71,17.94,Ia,3,2MASX J21024231-6006375,,
ASASSN-19jy,SN 2019dke,2019-04-11.88,'12:53:38.21,'-26:17:31.34,0.010637,17,---,16.37,29.93,II,5,ESO 507-G 042,,
ASASSN-19jz,SN 2019dkq,2019-04-12.41,'22:24:28.92,'-56:30:47.09,0.036368,17,---,16.82,0.69,Ia,8,ESO 190-G 005,,
ASASSN-19ka,AT 2019dkr,2019-04-13.03,'18:48:13.50,'-63:23:38.15,0.01447,17.3,---,16.95,43.37,Unk,8,IC 4770,,
ASASSN-19kb,AT 2019dlc,2019-04-13.26,'12:45:51.03,'-09:45:21.17,Unk,18.3,---,17.37,2.03,Unk,5,2MASXi J1245511-094519,,
ASASSN-19kc,AT 2019dlj,2019-04-14.26,'06:58:42.07,'+20:53:42.72,Unk,14.7,---,15.1,10.8,Unk,2,WISEA J065841.31+205343.0,,
ASASSN-19kh,SN 2019dnt,2019-04-16.33,'21:00:01.56,'-49:57:57.10,0.049047,17.5,---,16.59,3.45,Ia,6,ESO 235-IG 030,,
ASASSN-19kn,SN 2019dps,2019-04-15.36,'20:58:41.57,'-54:11:06.94,0.044107,17.9,---,17.8,14.61,Ic,-5,ESO 187-G 038,,
ASASSN-19ku,SN 2019dwy,2019-04-09.310,'11:14:10.82,'+70:46:04.55,0.045,18.2,---,16.59,0.71,Ic,8,2MASX J11141082+7046053,,
ASASSN-19kw,SN 2019edm,2019-04-27.42,'23:47:45.21,'-27:29:08.16,0.030258,16,---,15.84,9.28,Ia,0,ESO 471-G 018,,
ASASSN-19kx,SN 2019edo,2019-04-27.32,'12:11:51.57,'+24:08:11.69,0.008569,16.7,---,16.28,48.1,II,12,NGC 4162,,
ASASSN-19ky,SN 2019edz,2019-04-27.15,'15:13:12.16,'+71:12:40.10,0.037116,17.4,---,16.93,0.06,Ia,18,UGC 09786,,
ASASSN-19kz,AT 2019eez,2019-04-27.99,'06:16:22.26,'-21:21:35.14,0.009143,16.8,---,16.29,46.58,Unk,5,NGC 2207,,
ASASSN-19le,SN 2019ehg,2019-04-29.00,'11:51:17.80,'-34:09:37.80,0.042,17.7,---,17.31,0.49,Ia,-10,2MASX J11511776-3409381,,
ASASSN-19lf,SN 2019ehn,2019-04-30.310,'17:14:35.60,'-71:36:46.15,0.03,17.3,---,16.6,1.74,Ia,5,2MASX J17143533-7136446,,
ASASSN-19lg,SN 2019eho,2019-04-30.37,'21:25:53.29,'+00:24:52.81,0.03177,17.9,---,16.92,8.59,Ia,-6,2MASX J21255379+0024583,,
ASASSN-19ln,SN 2019eim,2019-05-01.39,'23:49:42.97,'-69:42:03.31,0.039,17.3,---,15.39,1.48,Ia,11,2MASS J23494319-6942038,,
ASASSN-19lp,SN 2019ejf,2019-05-02.37,'22:52:29.32,'-11:05:25.30,0.025271,16.8,---,16.7,6.9,II,8,2MASX J22522926-1105320,,
ASASSN-19ls,SN 2019emh,2019-05-03.17,'17:52:58.00,'-70:00:03.71,0.05795,17.7,---,17.31,2.39,Ia,0,2MASX J17525816-7000014,,
ASASSN-19ma,SN 2019eto,2019-05-07.30,'09:49:50.67,'+12:41:43.48,0.029921,17.1,---,16.68,0.7,Ic-BL,11,NGC 3016,,
ASASSN-19mb,SN 2019etp,2019-05-06.62,'23:57:23.08,'+30:59:26.63,0.015621,16.7,---,16.33,12.65,II,13,UGC 12864,,
ASASSN-19md,AT 2019ewc,2019-05-08.15,'09:10:37.59,'-09:30:10.91,0.054704,17.9,---,16.93,0.22,Unk,7,2MASX J09103759-0930108,,
ASASSN-19mh,SN 2019exy,2019-05-11.14,'23:45:41.96,'-38:31:04.66,0.049,17.3,---,17.1,0.23,Ia,5,LCRS B234304.2-384744,,
ASASSN-19mi,SN 2019fbz,2019-05-11.14,'23:30:55.56,'-38:00:46.44,0.046489,17.8,---,16.98,0.38,Ia,11,LCRS B232815.0-381721,,
ASASSN-19mj,SN 2019fcb,2019-05-12.32,'18:30:29.01,'+74:07:15.89,0.024757,17.5,---,17.11,4.13,Ia,-3,CGCG 340-049,,
ASASSN-19mk,SN 2019fcg,2019-05-12.38,'21:30:28.48,'-32:36:44.21,0.055,17.2,---,16.74,1.02,IIn,3,2MASX J21302854-3236436,,
ASASSN-19ml,SN 2019fcn,2019-05-08.97,'08:07:08.00,'-28:03:22.97,0.003402,16.3,---,14.95,15.96,II,10,ESO 430-G 020,,
ASASSN-19mm,SN 2019fcr,2019-05-13.46,'13:33:19.62,'+41:12:56.99,0.027236,16.9,---,16.01,0.27,Ia,5,2MASX J13331961+4112571,,
ASASSN-19my,SN 2019fmm,2019-04-26.45,'22:26:48.53,'+35:31:07.54,0.020057,16.2,---,16.06,0.95,Ia,-4,UGC 12039,,
ASASSN-19nb,SN 2019fmr,2019-05-16.37,'23:17:38.75,'-59:15:42.23,0.026915,16.8,---,15.47,11.78,Ia-91T,12,GALEXASC J231739.47-591551.0,,
ASASSN-19nd,SN 2019fpc,2019-05-18.310,'00:09:47.63,'-57:59:50.21,0.035745,16.7,---,16.74,10.87,Ia,3,2MASX J00094894-5759478,,
ASASSN-19ng,SN 2019fum,2019-05-21.810,'12:41:12.28,'-16:56:40.88,0.035558,17.1,---,16.96,0.41,Ia,-7,2MASX J12411229-1656404,,
ASASSN-19nk,SN 2019fxk,2019-05-23.39,'00:52:12.98,'-59:14:02.94,0.026,17.1,---,15.57,0.69,Ia,1,2MASX J00521308-5914031,,
ASASSN-19nm,SN 2019fyw,2019-05-25.32,'13:07:18.46,'+02:00:11.56,0.01943,17.8,---,16.89,7.64,II,14,CGCG 016-002,,
ASASSN-19nn,SN 2019fzm,2019-05-27.31,'14:56:32.88,'-02:06:23.08,0.023129,17.2,---,16.11,4.14,Ia,8,CGCG 020-034,,
ASASSN-19nq,SN 2019gak,2019-05-28.12,'17:50:29.55,'-65:37:21.47,0.045,17.6,---,16.88,1.76,Ia,-4,2MASS J17502947-6537206,,
ASASSN-19ns,SN 2019gcc,2019-05-26.33,'17:34:06.40,'+25:20:38.33,0.026161,17.1,---,16.48,0.36,Ia,-6,UGC 10905,,
ASASSN-19nv,SN 2019gfb,2019-05-30.60,'23:47:25.87,'+00:56:58.13,0.027482,17.1,---,16.33,1.38,Ia,11,2MASX J23472586+0056596,,
ASASSN-19nw,SN 2019gqk,2019-05-29.61,'00:55:51.78,'+43:29:23.75,0.013,17,---,17.09,6.81,IIP,4,CGCG 536-010,,
ASASSN-19nx,SN 2019gql,2019-06-01.12,'00:51:40.85,'-13:19:05.38,0.021,17.4,---,16.87,0.69,II,3,2MASS J00514093-1319057,,
ASASSN-19ny,SN 2019gqv,2019-06-01.74,'07:50:19.08,'-72:52:35.33,0.017549,16.7,---,16.25,6.73,Ia,13,ESO 035-G 017,,
ASASSN-19nz,AT 2019grp,2019-06-02.43,'02:49:46.50,'-55:37:32.59,0.021245,18,---,14.44,16.06,Unk,18,2MASX J02494744-5537188,,
ASASSN-19oe,SN 2019gvo,2019-06-01.14,'00:54:31.01,'-49:08:52.22,0.05,18.1,---,16.99,5.76,Ia,15,GALEXASC J005431.13-490857.1,,
ASASSN-19oi,SN 2019gxa,2019-06-04.42,'23:53:51.78,'-40:01:20.03,0.04,17.4,---,15.84,6.62,Ia,-17,APMUKS(BJ) B235115.71-401758.3,,
ASASSN-19ol,SN 2019has,2019-06-07.42,'02:46:55.07,'-24:48:24.23,0.0221,16.4,---,15.37,20.15,Ia,11,2MASX J02465637-2448329,,
ASASSN-19op,SN 2019hcg,2019-06-07.39,'16:04:43.32,'+27:57:11.63,0.077296,18.3,---,16.23,3.3,Ia,28,2MASX J16044353+2757082,,
ASASSN-19oq,AT 2019hcm,2019-06-08.510,'01:43:14.88,'+31:18:26.17,Unk,17.2,---,16.08,10.29,Unk,17,KUG 0140+310,,
ASASSN-19or,SN 2019hcn,2019-06-08.18,'13:15:31.69,'-86:04:07.03,0.018,17.4,---,16.66,3.33,II,7,2MASS J13152953-8604094,,
ASASSN-19pj,AT 2019hlv,2019-06-12.18,'19:40:27.92,'-51:01:10.31,Unk,17,---,16.31,7.3,Unk,8,WISEA J194027.87-510116.4,,
ASASSN-19pk,AT 2019hmp,2019-06-14.12,'18:21:33.20,'-49:33:52.49,0.061089,16.4,---,17,25.07,Unk,5,2MASX J18213216-4933293,,
ASASSN-19pn,SN 2019hsw,2019-06-18.13,'09:20:33.75,'+64:04:22.76,0.005779,15.4,---,14.89,138.4,II,3,NGC 2805,,
ASASSN-19pt,SN 2019hyk,2019-06-22.35,'14:17:57.89,'+26:25:17.44,0.014744,17.1,---,15.35,34.08,II,19,IC 4397,,
ASASSN-19qg,SN 2019igz,2019-06-26.73,'10:59:41.64,'+10:50:01.14,0.034584,18,---,16.5,4,Ia,-22,2MASX J10594188+1049591,,
ASASSN-19qm,AT 2019ijf,2019-06-28.11,'11:52:11.94,'-34:24:46.19,0.04344,18,---,17.61,10.54,Unk,0,2MASX J11521276-3424422,,
ASASSN-19qo,AT 2019ikp,2019-06-23.16,'12:12:13.00,'-59:00:30.64,0.017362,17.2,---,16.79,78.2,Unk,0,HIZOA J1212-59,,
ASASSN-19qr,SN 2019khf,2019-07-03.03,'11:41:27.53,'-38:38:03.08,0.013756,17.3,---,15.17,7.56,Ia,13,TOLOLO 00091,,
ASASSN-19qt,AT 2019khk,2019-07-03.96,'09:47:40.25,'-14:11:13.31,Unk,17.3,---,16.47,1.8,Unk,6,2MASX J09474025-1411112,,
ASASSN-19qu,AT 2019klf,2019-07-03.94,'22:13:18.85,'-68:28:33.28,Unk,17.8,---,17.04,4.71,Unk,11,2MASS J22131812-6828370,,
ASASSN-19qw,SN 2019knt,2019-07-03.80,'10:35:50.28,'-34:16:22.48,0.012826,17.2,---,14.69,15.18,Ia,14,ESO 375-G 070,,
ASASSN-19qx,SN 2019knu,2019-07-05.40,'03:17:52.67,'-07:18:11.88,0.017062,17.7,---,16.18,7.24,II,38,2MASS J03175281-0718048,,
ASASSN-19rf,AT 2019ksa,2019-07-07.72,'12:13:30.48,'-42:39:37.26,0.016215,15.6,---,15.42,14.67,Unk,4,2MASX J12133085-4239232,,
ASASSN-19ro,AT 2019lcx,2019-07-14.18,'04:58:57.60,'-22:06:05.80,Unk,17.3,---,17,3.23,Unk,6,2MASX J04585777-2206038,,
ASASSN-19rv,SN 2019llt,2019-07-20.16,'13:33:55.46,'+29:33:25.74,0.037239,17.5,---,16.69,0.25,Ia,14,2MASX J13335542+2933255,,
ASASSN-19sb,SN 2019lrb,2019-07-21.77,'13:07:03.00,'+13:04:29.64,0.027439,17.1,---,15.54,0.29,Ic,-5,MRK 0784,,
ASASSN-19sf,SN 2019lsm,2019-07-25.28,'14:35:02.60,'+14:46:37.60,0.04168,17.9,---,17.23,7.28,Ibn,3,SDSS J143502.16+144639.5,,
ASASSN-19sj,SN 2019ltw,2019-07-25.88,'16:18:38.50,'+21:58:23.27,0.016077,17.1,---,14.98,0.4,II,13,CGCG 137-076,,
ASASSN-19sv,SN 2019lyb,2019-07-29.210,'15:11:03.33,'+52:03:00.68,0.036876,17.8,---,16.69,5.74,Ia,7,CGCG 274-031,,
ASASSN-19sx,AT 2019lzw,2019-07-30.27,'21:05:29.16,'-52:10:39.57,0.048957,17.6,---,16.97,0.48,Unk,11,2MASX J21052915-5210389,,
ASASSN-19sy,SN 2019meo,2019-07-31.42,'05:34:07.12,'-29:36:39.78,0.036312,17.4,---,17,6.27,Ia-91T,7,2MASX J05340703-2936335,,
ASASSN-19tc,SN 2019mkv,2019-08-02.03,'22:52:30.21,'-46:41:44.23,0.051135,17.7,---,16.72,5.52,Ia,10,2MASX J22523075-4641446,,
ASASSN-19to,SN 2019msz,2019-08-03.30,'20:32:09.39,'-59:11:58.85,0.060502,17.6,---,16.83,6.72,Ia,11,2MASX J20320857-5912013,,
ASASSN-19tr,SN 2019muj,2019-08-07.41,'02:26:18.46,'-09:50:09.92,0.007035,17.4,---,16,45.13,Iax,3,VV 525,,
ASASSN-19tt,SN 2019mxk,2019-08-08.29,'02:12:04.55,'-25:44:40.20,0.056336,18,---,17.03,0.72,Ia,3,2MASX J02120459-2544404,,
ASASSN-19tx,SN 2019nyn,2019-08-20.09,'01:07:37.22,'-41:51:11.74,0.023947,17.1,---,16.7,7.63,II,-6,AM 0105-420 NED02,,
ASASSN-19ub,SN 2019odl,2019-08-22.28,'21:45:25.01,'-62:00:24.12,0.063197,18.1,---,17.45,0.58,Ia,-1,2MASX J21452513-6200240,,
ASASSN-19ui,SN 2019omk,2019-08-23.34,'23:21:30.82,'-61:36:56.63,0.041,17.2,---,16.75,1.21,Ia,7,GALEXASC J232130.77-613657.8,,
ASASSN-19uj,SN 2019omo,2019-08-24.31,'03:12:27.89,'-64:55:38.89,0.0335,17.6,---,16.71,4.64,II,0,APMUKS(BJ) B031141.45-650647.3,,
ASASSN-19uk,SN 2019ope,2019-08-25.14,'23:06:52.50,'-37:51:00.54,0.060442,17.8,---,17.44,3.94,Ia,2,2MASX J23065255-3750566,,
ASASSN-19ul,AT 2019opf,2019-08-24.75,'17:37:12.21,'-84:10:57.00,Unk,18.1,---,16.81,10.64,Unk,-11,2MASX J17371018-8411071,,
ASASSN-19uo,SN 2019oqj,2019-08-24.26,'16:13:13.16,'+17:48:34.67,0.037186,18.2,---,17.22,6.48,Ia,4,2MASX J16131301+1748283,,
ASASSN-19up,SN 2019oqr,2019-08-26.23,'23:51:15.83,'-37:42:40.39,0.050648,17.8,---,17.44,1.05,Ia,9,2MASX J23511587-3742412,,
ASASSN-19vg,AT 2019ovt,2019-08-28.48,'02:37:39.89,'+34:25:54.59,0.016395,17.8,---,17.43,1.27,Unk,-1,UGC 02105,,
ASASSN-19vh,SN 2019ovu,2019-08-28.26,'02:10:05.74,'-32:56:19.64,0.011174,17.2,---,16.09,6.2,Iax,21,IC 1783,,
ASASSN-19vi,AT 2019oyo,2019-08-28.74,'14:38:49.56,'-42:02:42.76,Unk,17.8,---,17.37,22.6,Unk,-4,2MASS J14384754-4202410,,
ASASSN-19vj,SN 2019ozb,2019-08-29.99,'13:44:41.93,'-29:54:13.03,0.042,17.5,---,16.32,5.6,Ia,7,WISEA J134442.13-295419.8,,
ASASSN-19vk,SN 2019ozz,2019-08-30.20,'19:20:01.80,'-60:49:06.49,0.036232,17.6,---,16.58,1.09,Ia,13,FAIRALL 0056,,
ASASSN-19vo,SN 2019phq,2019-09-02.27,'00:35:30.30,'-52:10:56.06,0.042029,17.5,---,16.4,14.76,Ia-91T,11,FAIRALL 0368,,
ASASSN-19vp,SN 2019pig,2019-09-03.14,'15:01:33.46,'+49:06:35.24,0.02602,16.6,---,16.62,7.01,Ia,9,SDSS J150132.77+490633.3,,
ASASSN-19vq,SN 2019pil,2019-09-03.57,'03:37:21.12,'+05:21:17.68,0.032289,18,---,17.85,1.04,Ia,26,MCG +01-10-002,,
ASASSN-19we,AT 2019pky,2019-09-04.22,'19:05:49.46,'-54:32:53.30,Unk,17.2,---,16.59,2.87,Unk,16,GALEXASC J190549.75-543254.4,,
ASASSN-19wf,SN 2019pkz,2019-09-04.25,'19:58:29.58,'+61:13:08.76,0.05,17.2,---,17.18,0.34,Ia,11,VII Zw 923,,
ASASSN-19xa,AT 2019qmj,2019-09-21.39,'03:22:46.21,'-54:13:39.65,Unk,17.2,---,16.81,1.84,Unk,-3,2MASX J03224607-5413381,,
ASASSN-19xb,SN 2019qqh,2019-09-22.37,'02:38:58.04,'-53:20:57.41,0.05,17.9,---,17.4,5.26,Ia,-5,GALEXASC J023858.68-532054.6,,
ASASSN-19xc,AT 2019qqi,2019-09-22.010,'21:09:03.37,'-42:35:51.11,0.062793,17.9,---,17.7,0.11,Unk,0,2MASX J21090333-4235508,,
ASASSN-19xg,SN 2019qti,2019-09-22.35,'06:43:16.51,'-49:29:30.91,0.037513,17.5,---,17.17,12.87,Ia,-1,ESO 206-G 021,,
ASASSN-19xj,AT 2019qwc,2019-09-20.93,'00:00:41.67,'-61:35:43.66,Unk,17.7,---,17.12,0.52,Unk,18,2MASX J00004176-6135434,,
ASASSN-19xl,SN 2019qwd,2019-09-24.38,'07:12:08.74,'-49:23:06.72,0.0319,17.6,---,17.24,0.87,Ia,3,2MASX J07120867-4923063,,
ASASSN-19xp,AT 2019riz,2019-09-26.25,'23:46:29.30,'-73:00:04.54,Unk,17.4,---,17.24,0.16,Unk,2,GALEXASC J234629.25-730004.4,,
ASASSN-19xt,SN 2019rix,2019-09-27.35,'06:28:11.11,'-49:08:51.14,0.046,17.4,---,17.01,4.17,Ia,4,2MASX J06281076-4908540,,
ASASSN-19xu,AT 2019riy,2019-09-28.13,'16:20:09.51,'+37:47:53.59,0.03365,17.6,---,17.61,0.14,Unk,0,NGC 6122,,
ASASSN-19xv,SN 2019rjm,2019-09-28.34,'04:18:33.75,'+08:53:32.06,0.029,17.3,---,17.11,1.67,Ia,0,KUG 0415+087,,
ASASSN-19yi,AT 2019rqt,2019-10-02.19,'19:45:11.99,'-55:20:27.35,0.01494,17.2,---,16.91,0.2,Unk,0,2MASX J19451202-5520269,,
ASASSN-19yk,SN 2019rwq,2019-10-05.22,'02:18:57.68,'-66:23:30.19,0.0255,17.7,---,16.27,1.66,Ic,7,2MASS J02185760-6623310,,
ASASSN-19yl,AT 2019rws,2019-10-05.00,'06:10:32.63,'-62:32:17.95,0.027969,16.5,---,16.15,0.77,Unk,4,NGC 2205,,
ASASSN-19yo,AT 2019scp,2019-09-29.29,'06:37:02.35,'-44:09:31.61,0.016992,17.8,---,17,0.22,Unk,-10,2MASX J06370231-4409318,,
ASASSN-19yx,SN 2019shq,2019-10-08.37,'08:44:28.64,'-31:41:25.69,0.016165,16.7,---,15.77,21.62,Ia,-9,ESO 432-IG 006,,
ASASSN-19ze,SN 2019spq,2019-10-16.76,'00:01:19.10,'-43:18:03.13,0.036,17.4,---,16.24,0.26,Ia,2,WISEA J000119.11-431803.6,,
ASASSN-19zh,SN 2019sss,2019-10-18.31,'03:02:49.92,'-60:52:16.46,0.04,16.7,---,16.34,4.24,Ia,4,WISEA J030250.18-605212.7,,
ASASSN-19zr,AT 2019tib,2019-10-19.27,'23:49:23.87,'-45:29:08.81,Unk,17.5,---,17.12,0.81,Unk,-4,WISEA J234923.93-452908.9,,
ASASSN-19zs,AT 2019tif,2019-10-25.05,'20:36:41.31,'-38:07:30.90,0.024831,17.9,---,17.28,0.28,Unk,5,WISEA J203641.28-380730.7,,
ASASSN-19zt,AT 2019tiy,2019-10-25.210,'06:17:06.82,'-62:40:03.61,Unk,17.8,---,17.02,3.48,Unk,6,WISEA J061707.23-624005.4,,
ASASSN-19zu,SN 2019tiz,2019-10-24.410,'03:34:51.03,'-02:49:48.28,0.038,18.1,---,16.75,0.13,Ia,13,WISEA J033451.06-024948.3,,
ASASSN-19zv,SN 2019tja,2019-10-25.21,'22:14:32.46,'-69:22:11.96,0.010621,17.5,---,13.81,33.81,Ia,17,IC 5173B,,
ASASSN-19zw,SN 2019tjm,2019-10-26.29,'01:16:45.17,'-28:33:39.96,0.036655,17.2,---,16.41,4.66,Ia-91T,18,AM 0114-284 NED03,,
ASASSN-20ag,SN 2020ga,2020-01-05.36,'13:54:24.23,'-48:30:44.86,0.00918,15.5,---,13.91,0.3,Ia,15,NGC 5333,,
ASASSN-20ah,SN 2020np,2020-01-07.14,'00:55:47.85,'-51:25:51.46,0.025,16,---,15.63,1.47,Ia,-1,WISEA J005547.91-512550.5,,
ASASSN-20ao,AT 2020aap,2020-01-15.11,'00:54:46.18,'-51:30:39.46,0.024934,17.3,---,15.97,3.45,Unk,7,WISEA J005446.43-513036.9,,
ASASSN-20aq,SN 2020afp,2020-01-18.66,'12:55:41.25,'+27:15:01.98,0.023733,16.7,---,15.86,0.87,Ia,-19,IC 3900,,
ASASSN-20ar,SN 2020agu,2020-01-19.41,'11:58:31.60,'-20:41:53.74,0.025,17.4,---,16.72,2.76,II,-1, WISEA J115831.49-204155.9,,
ASASSN-20as,SN 2020ais,2020-01-19.61,'11:44:28.62,'+10:47:01.32,0.019707,18,---,17.46,0.49,Ia-91bg,7,IC 0727,,
ASASSN-20bl,SN 2020big,2020-01-29.32,'05:01:15.78,'-14:01:27.59,0.024467,17.7,---,17.1,4.35,Ibn,13,WISEA J050115.92-140124.3,,
ASASSN-20bm,SN 2020bkp,2020-01-30.29,'13:34:00.45,'-50:29:55.97,0.013231,17,---,16.41,45.53,II,12,ESO 220-G 019,,
ASASSN-20bn,AT 2020bou,2020-02-01.36,'08:58:40.10,'-73:19:31.57,0.038473,17.1,---,16.02,5.6,Unk,6,ESO 036-G 015,,
ASASSN-20bo,AT 2020bql,2020-02-02.27,'06:18:40.35,'-57:40:13.57,0.040074,17.5,---,16.89,11.06,Unk,7,WISEA J061838.77-574009.4,,
ASASSN-20bs,SN 2020bvc,2020-02-04.63,'14:33:57.02,'+40:14:38.11,0.025235,17.1,---,16.69,18.6,Ic-BL,13,UGC 09379,,
ASASSN-20bu,SN 2020bwr,2020-02-03.61,'16:34:59.35,'+36:12:27.07,0.060637,17.4,---,17.03,1,II,12,2MASS J16345923+3612274,,
ASASSN-20bx,AT 2020chs,2020-02-11.81,'02:12:39.89,'-40:13:50.59,Unk,17,---,16.58,0.17,Unk,-1,WISEA J021239.88-401350.5,,
ASASSN-20bz,SN 2020cwd,2020-02-19.20,'06:06:59.06,'-49:00:24.84,0.052,17.4,---,17.3,3.5,Ibn,2,WISEA J060658.80-490023.1,,
ASASSN-20cj,SN 2020dht,2020-02-24.21,'13:53:12.58,'-40:21:51.80,0.039,17.8,---,17,8.02,Ia,7,WISEA J135312.42-402144.0,,
ASASSN-20cq,AT 2020drr,2020-02-27.78,'02:01:10.14,'-33:12:30.10,0.035555,16.9,---,16.21,2.63,Unk,8,WISEA J020110.33-331231.8,,
ASASSN-20dk,SN 2020eqv,2020-03-21.31,'08:49:13.18,'-14:17:37.75,0.017706,16.8,---,16.66,1.46,Ia,0,NGC 2674,,
ASASSN-20dl,SN 2020esm,2020-03-22.37,'14:07:18.26,'-05:07:37.31,0.036188,17.7,---,16.14,15.91,IIP,12,WISEA J140717.48-050726.1,,
ASASSN-20dn,SN 2020euy,2020-03-23.34,'13:36:29.48,'+47:34:26.36,0.062312,17.7,---,17.43,0.4,Ic,-9,WISEA J133629.46+473426.1,,
ASASSN-20ed,SN 2020hvn,2020-04-20.32,'11:19:38.02,'+30:06:43.20,0.023386,17.8,---,17.64,0.66,II,0,2MASX J11193797+3006422,,
ASASSN-20ep,AT 2020jfw,2020-05-09.16,'00:12:39.27,'-27:15:30.89,0.026557,16.1,---,15.91,1.12,Unk,0,WISEA J001239.27-271530.7,,
ASASSN-20es,AT 2020jvv,2020-05-13.610,'04:47:07.03,'-50:03:01.62,0.018076,16,---,15.97,11.48,Unk,1,ESO 203-G 002,,
ASASSN-20fh,AT 2020kny,2020-05-19.97,'18:23:06.41,'-77:43:18.34,0.0045,17.3,---,15.98,0.95,Unk,15,ESO 024-IG 015 NED01,,
ASASSN-20fo,AT 2020lgs,2020-05-28.310,'21:40:25.42,'-14:15:12.56,0.060765,17.9,---,17.8,1.12,Unk,3,WISEA J214025.48-141512.9,,
ASASSN-20fp,AT 2020lgt,2020-05-28.60,'00:38:32.10,'+23:36:48.13,0.024867,17.3,---,17,0.51,Unk,8,MRK 0344,,
ASASSN-20fu,AT 2020lkp,2020-05-30.15,'01:27:02.39,'-10:15:54.43,0.023026,16.8,---,16.68,0.48,Unk,0,NGC 0567,,
ASASSN-20fv,SN 2020llx,2020-05-31.02,'21:52:14.01,'-55:33:44.75,0.009947,15,---,14.89,28.28,II,3,NGC 7140,,
ASASSN-20gb,SN 2020lyo,2020-06-08.30,'11:22:13.30,'+24:19:02.42,0.025684,16.6,---,16.44,0.69,Ia,0,IC 2759,,
ASASSN-20gq,AT 2020naw,2020-06-19.18,'03:48:24.51,'-26:43:08.44,Unk,17.5,---,16.85,0.96,Unk,16,WISEA J034824.52-264308.7,,
ASASSN-20gv,AT 2020nbt,2020-06-19.72,'09:07:26.62,'-16:29:11.47,Unk,17.3,---,16.94,0.84,Unk,7,WISEA J090726.56-162911.5,,
ASASSN-20gw,AT 2020nbu,2020-06-20.510,'01:55:00.84,'-04:41:03.73,Unk,16.9,---,16.71,0.69,Unk,9,WISEA J015500.83-044103.4,,
ASASSN-20hd,AT 2020ngz,2020-06-22.82,'10:29:02.12,'-40:05:20.54,0.00935,17,---,16.55,27.81,Unk,9,NGC 3250E,,
ASASSN-20he,AT 2020nhi,2020-06-23.12,'02:24:26.00,'-51:44:52.51,Unk,16.7,---,16.39,2.7,Unk,2,WISEA J022426.05-514453.8,,
ASASSN-20hg,AT 2020nju,2020-06-23.72,'09:51:06.54,'-00:24:26.75,Unk,17.1,---,16.13,1.1,Unk,10,WISEA J095106.55-002425.8,,
ASASSN-20hh,AT 2020nkm,2020-06-24.77,'11:00:56.71,'+10:30:15.70,0.036272,17,---,17.05,4.68,Unk,-19,NGC 3492,,
ASASSN-20hk,AT 2020nni,2020-06-26.27,'18:08:22.46,'+17:03:12.92,Unk,16.9,---,16.62,3.1,Unk,6,WISEA J180822.35+170309.5,,
ASASSN-20ho,SN 2020nub,2020-06-30.11,'02:03:56.03,'-23:18:50.33,0.016558,16.8,---,16.15,11.58,IIn,11,NGC 0808,,
ASASSN-20hx,AT 2020ohl,2020-07-10.34,'17:03:36.53,'+62:01:32.38,0.016657,16.7,---,16.06,0.19,Unk,37,NGC 6297,,
ASASSN-20il,AT 2020pom,2020-07-08.19,'05:03:11.47,'-22:48:49.72,0.015841,16.2,---,16.38,0.81,Unk,0,ESO 486-G 017,,
ASASSN-20im,SN 2020ppi,2020-07-17.74,'19:13:45.42,'-59:18:02.66,0.014637,17.5,---,17.34,33.17,II,3,IC 4830,,
ASASSN-20in,AT 2020pqe,2020-07-15.97,'22:19:46.67,'-56:37:49.40,Unk,17.3,---,16.36,8.08,Unk,9,WISEA J221947.45-563746.2,,
ASASSN-20io,AT 2020pua,2020-07-19.72,'11:53:44.85,'-54:06:19.22,0.022416,17,---,16.99,20.94,Unk,5,ESO 171-G 001,,
ASASSN-20iu,AT 2020pyh,2020-07-20.90,'21:48:05.66,'-35:00:22.14,Unk,17.4,---,17.13,6.27,Unk,9,GALEXASC J214805.10-350023.4,,
ASASSN-20iw,AT 2020qbt,2020-07-21.18,'06:14:46.97,'-63:00:14.00,0.036699,17.3,---,16.59,9.33,Unk,2,ESO 087-G 001,,
ASASSN-20jb,SN 2020qes,2020-07-24.06,'00:13:26.14,'-28:01:58.94,0.026095,16.7,---,15.55,0.72,Ia,9,WISEA J001326.15-280159.3,,
ASASSN-20je,AT 2020qll,2020-07-26.12,'04:01:18.01,'-52:48:04.18,0.033517,17.4,---,16.54,1.46,Unk,10,IC 2029,,
ASASSN-20jf,AT 2020qlo,2020-07-29.01,'00:05:27.87,'-28:52:38.64,0.0621,17.4,---,16.47,0.62,Unk,11,WISEA J000527.90-285238.1,,
ASASSN-20jj,SN 2020qmz,2020-07-29.010,'03:43:56.32,'-20:31:40.15,0.040498,17.3,---,16.27,6.37,Ia,3,WISEA J034356.16-203146.4,,
ASASSN-20jq,SN 2020qxp,2020-08-08.13,'13:10:37.84,'+36:37:43.72,0.003639,16.8,---,16.16,18.52,Ia,4,NGC 5002,,
ASASSN-20jr,AT 2020ral,2020-08-10.25,'15:17:17.44,'+54:45:46.76,0.038765,16.8,---,16.52,0.14,Unk,14,WISEA J151717.46+544546.0,,
ASASSN-20ju,AT 2020reu,2020-08-11.27,'13:14:17.23,'+77:43:26.00,Unk,17.9,---,17.22,5.63,Unk,-4,WISEA J131416.19+774329.0,,
ASASSN-20jz,AT 2020rim,2020-08-14.39,'22:16:45.85,'-22:53:29.62,0.0557,17.8,---,17.18,1.71,Unk,-13,WISEA J221645.89-225329.7,,
ASASSN-20ki,AT 2020rsy,2020-08-19.81,'23:20:51.17,'-41:15:46.33,Unk,17,---,16.92,19.81,Unk,1,WISEA J232051.64-411606.6,,
ASASSN-20km,AT 2020rub,2020-08-21.23,'22:17:06.15,'-26:38:38.98,0.060065,17,---,17.07,6.76,Unk,0,WISEA J221705.91-263845.0,,
ASASSN-20kn,AT 2020ruq,2020-08-19.95,'20:34:00.85,'-44:16:50.38,0.022949,17.2,---,16.19,8.24,Unk,14,ESO 285-G 031,,
ASASSN-20ko,SN 2020rvf,2020-08-22.13,'03:54:16.00,'+15:55:42.92,0.022222,17.5,---,16.79,1.3,Ia,-5,CGCG 465-012,,
ASASSN-20ky,AT 2020sde,2020-08-26.810,'01:04:59.96,'-46:04:33.10,0.029887,16.8,---,16.68,0.81,Unk,9,WISEA J010459.90-460432.8,,
ASASSN-20ld,SN 2020sjw,2020-09-01.96,'18:37:09.03,'-65:15:37.44,0.015491,15.7,---,15.17,10.72,II,8,AM 1832-652 NED01,,
ASASSN-20le,AT 2020svh,2020-09-07.87,'00:54:18.44,'-61:53:34.57,0.027746,16.5,---,16.41,0.31,Unk,3,WISEA J005418.42-615334.0,,
ASASSN-20lk,AT 2020svp,2020-09-08.72,'13:50:32.65,'-30:02:55.86,0.017886,15.9,---,15.85,0.97,Unk,1,ESO 445-G 054,,
ASASSN-20ll,AT 2020swi,2020-09-08.86,'00:58:44.99,'-67:13:13.12,Unk,17.8,---,16.85,13.94,Unk,-4,WISEA J005845.40-671259.3,,
ASASSN-20ls,SN 2020tld,2020-09-15.910,'00:29:41.54,'-51:32:09.46,0.011201,17,---,15.3,55.05,Ia,10,ESO 194-G 021,,
ASASSN-20lu,AT 2020tll,2020-09-16.06,'00:09:57.34,'-57:01:28.45,0.031572,16.8,---,16.67,20.78,Unk,2,NGC 0025,,
ASASSN-20lv,SN 2020tnq,2020-09-16.14,'08:34:33.04,'-01:57:28.87,0.030334,17.1,---,16.92,10.64,Ia,0,WISEA J083433.71-015732.7,,
ASASSN-20mi,AT 2020ual,2020-09-23.01,'21:15:40.24,'-49:04:34.61,0.0311,17.1,---,16.71,2.3,Unk,8,WISEA J211540.40-490436.2,,
ASASSN-20mr,SN 2020ukx,2020-09-28.14,'09:12:20.53,'-24:10:19.27,0.002305,15.1,---,14.82,14.35,Ia,26,NGC 2784,,
ASASSN-20nh,AT 2020ybf,2020-10-20.210,'04:29:47.39,'-67:03:20.23,Unk,17.2,---,16.97,0.36,Unk,6,WISEA J042947.41-670319.8,,
ASASSN-20nt,SN 2020yzn,2020-11-06.08,'19:33:22.41,'-58:07:22.12,0.014643,16.5,---,16.26,41.17,Ia-91bg,-4,ESO 142-G 019,,
ASASSN-20nu,SN 2020yzo,2020-11-06.35,'06:43:32.10,'-72:35:25.55,0.018503,15.9,---,15.61,16.18,II,4,ESO 034-G 012,,
ASASSN-20nv,SN 2020zbo,2020-11-06.28,'03:22:16.12,'-33:49:17.80,0.04327,17,---,16.81,0.32,Ia,0,WISEA J032216.20-334917.9,,
ASASSN-20nw,AT 2020zbw,2020-11-09.83,'19:30:47.90,'-71:04:17.28,0.01423,16.5,---,16.26,5.95,Unk,-6,IC 4853,,
ASASSN-20nx,AT 2020zbx,2020-11-06.07,'19:41:38.61,'-50:10:11.82,0.024704,16.4,---,16.02,5.55,Unk,-3,WISEA J194139.08-501008.2,,
ASASSN-20nz,SN 2020zdm,2020-11-09.91,'06:29:22.21,'-48:51:58.10,0.05,17.8,---,17.18,4.35,Ia,3,WISEA J062922.45-485200.8,,
ASASSN-20ob,AT 2020zmw,2020-11-13.15,'21:36:25.21,'-15:02:33.61,0.038483,17.2,---,16.71,1.27,Unk,2,WISEA J213625.22-150234.4,,
ASASSN-20oc,SN 2020zoq,2020-11-14.56,'10:36:21.57,'+13:43:07.36,0.010044,17.5,---,16.69,26.5,II,18,UGC 05760,,
ASASSN-20od,SN 2020zqo,2020-11-13.31,'04:02:55.17,'-31:20:17.02,0.059658,18.3,---,17.26,2.22,Ia,12,WISEA J040255.26-312018.9,,
ASASSN-20oe,AT 2020zre,2020-11-11.96,'06:54:00.75,'-65:25:01.31,0.040918,17,---,16.62,2.92,Unk,2,WISEA J065400.82-652458.2,,
ASASSN-20oj,AT 2020aaix,2020-11-16.50,'11:06:49.42,'+47:51:11.59,0.06427,17.5,---,15.42,0.39,Unk,18,CGCG 241-080 NED02,,
ASASSN-20ol,SN 2020aakp,2020-11-18.18,'06:43:06.11,'-74:12:49.56,0.023349,17.4,---,15.75,5.13,Ia,13,ESO 034-IG 011 NED01,,
ASASSN-20op,AT 2020aary,2020-11-22.19,'03:21:29.87,'-61:46:12.32,Unk,16.6,---,16,0.43,Unk,7,WISEA J032130.17-614613.0,,
ASASSN-20pa,AT 2020ablj,2020-12-03.07,'23:12:12.50,'-57:59:36.10,0.042656,17,---,16.41,0.85,Unk,-4,WISEA J231212.63-575936.1,,
ASASSN-20pe,AT 2020aboy,2020-12-05.13,'02:31:08.72,'-57:41:51.25,0.037733,17.7,---,16.66,1.95,Unk,-8,2MASX J02310876-5741509,,
ASASSN-20pf,SN 2020abql,2020-12-05.35,'08:21:32.21,'-80:33:59.90,0.015,15.9,---,15.19,34.53,Ia,1,ESO 018-G 006,,
ASASSN-20pi,SN 2020abww,2020-12-07.14,'03:14:25.07,'-62:27:02.70,0.059,17.6,---,17.07,2.48,Ia,-5,WISEA J031424.99-622705.1,,
ASASSN-20pm,SN 2020abzv,2020-12-09.00,'02:01:39.65,'-68:26:12.19,0.026992,16.6,---,15.95,21.7,Ia,21,NGC 0813,,
ASASSN-20pu,SN 2020acpc,2020-12-12.52,'09:42:37.42,'+24:18:07.60,0.051371,18,---,17.73,30.03,Ia,3,WISEA J094236.66+241835.8,,
ASASSN-20pz,SN 2020adaf,2020-12-14.08,'02:25:08.11,'-61:33:19.94,0.048,17.9,---,17.05,8.6,Ia,9,ESO 115-IG 010 NED02,,
ASASSN-20qb,SN 2020adgf,2020-12-18.82,'05:14:12.14,'-51:09:08.32,0.06,18.1,---,17.26,19.83,Ia-91T,10,WISEA J051414.04-510859.3,,
ASASSN-20qc,AT 2020adgm,2020-12-20.27,'04:13:02.37,'-53:04:21.79,Unk,17.4,---,15.56,0.35,Unk,40,WISEA J041302.39-530422.2,,
ASASSN-20qg,SN 2020adkz,2020-12-22.49,'11:37:30.16,'+19:02:33.76,0.029603,17.2,---,16.04,8.15,Ia,11,KUG 1134+193,,
ASASSN-20qh,SN 2020adlh,2020-12-22.34,'13:38:26.10,'-31:15:50.04,0.038013,17,---,16.62,3.02,Ia,12,ESO 444-IG 089 NED02,,
ASASSN-20qi,SN 2020adnu,2020-12-22.29,'11:38:08.32,'-32:51:07.88,0.030625,17.2,---,15.8,0.67,Ia,12,WISEA J113808.29-325108.4,,
ASASSN-20qj,SN 2020adow,2020-12-26.41,'08:33:42.27,'+27:42:43.85,0.007505,16.2,---,14.67,4.06,Ic-BL,10,KUG 0830+278,,
ASASSN-20qk,SN 2020adox,2020-12-24.28,'04:53:40.27,'-31:09:10.55,0.074,17.5,---,17,4.9,Ia,4,WISEA J045340.31-310913.1,,