# Compiled by Dhvanil Desai using 2013-2017 ASAS-SN Bright Supernova Catalogues from Holoien et al. (2017a, 2017b, 2017c, 2019)
# Date: Feb 04, 2022
# -----------------------------------------------------------------------------------------------------------------------------------------------------
# SNName           Name of supernova
# IAUName          IAU name of supernova
# DiscDate         Discovery Date
# RA               Right Ascension (J2000)
# Dec              Declination (J2000)
# Redshift         Redshift of supernova
# DiscMag          Discovery V-band or g-band Magnitude
# PeakMag          Peak Magnitude
# PeakMagV         Peak V-band Magnitude
# PeakMagg         Peak g-band Magnitude
# Offset           Offset from host nucleus
# Type             Type of supernova
# DiscAge          Age of supernova at discovery, relative to peak
# HostName         Host galaxy name
# Recovered        Was the supernova recovered by ASAS-SN?
# l                Galactic longitude [degrees]
# b                Galactic latitude [degrees]
# MagV_corrected   PeakMagV corrected for Galactic extinction and K-corrections
# dist_mod         Distance modulus computed using the Redshift
# abs_M_peak       Absolute peak V-band magnitude (MagV_corrected - dist_mod)
# comp_SNIa        Completeness correction factor for a supernova of given apparent and absolute magnitude
# F2_SNIa          Volumetric correction factor
# weighted_N       The total weight for each supernova (1 / (comp_SNIa * F2_SNIa))
# -----------------------------------------------------------------------------------------------------------------------------------------------------
# Note: This table is limited to supernovae brighter than 16.5 mag in the V-band with the correction factors computed using a maximum redshift of 0.07.
# -----------------------------------------------------------------------------------------------------------------------------------------------------
# SNName,IAUName,DiscDate,RA,Dec,Redshift,DiscMag,PeakMag,PeakMagV,PeakMagg,Offset,Type,DiscAge,HostName,Recovered,l,b,MagV_corrected,dist_mod,abs_M_peak,comp_SNIa,F2_SNIa,weighted_N
ASASSN-13an,2013da,2013-06-05.34,13:45:36.22,-07:19:32.5,0.0216,16.3,999.0,15.8,999.0,3.51,Ia,0,2MASX J13453653-0719350,Yes,325.70600268417047,53.13413311063778,15.695254439237289,34.8666590388953,-19.17140459965801,0.5750873268355552,0.0925355951865826,18.791323974836367
ASASSN-13ar,2013dl,2013-06-17.61,01:18:41.89,-07:26:41.9,0.01775,15.1,999.0,14.8,999.0,30.12,Ia,-4,VV 478,Yes,142.35887988276508,-69.28209714295187,14.6520365866728,34.43408818890907,-19.782051602236272,0.6518349521151181,0.20645849965583302,7.430697622573009
ASASSN-13av,2013ei,2013-06-26.47,21:26:31.84,+12:10:48.8,0.01729,15.7,999.0,15.7,999.0,15.23,Ia,-3,NGC 7068,Yes,64.42642218196636,-26.653379545714163,15.437060868195749,34.3763169902082,-18.93925612201245,0.574130965050914,0.06778720660653181,25.694566300154097
ASASSN-13aw,2013dr,2013-07-01.40,17:19:30.10,+47:42:03.4,0.016835,16.0,999.0,15.0,999.0,9.34,Ia,-8,CGCG 252-043,Yes,73.92444778016109,34.830086333143946,14.933604913233133,34.317660947382066,-19.384056034148934,0.6279625740739213,0.12276029417126953,12.972041175655969
ASASSN-13bb,2013ef,2013-07-04.56,01:55:20.87,+06:36:33.9,0.017405,16.0,999.0,15.7,999.0,19.56,Ia,-1,UGC 1395,Yes,149.87774344854387,-52.88608228356011,15.50548015717633,34.3909008042646,-18.885420647088267,0.5690845757952584,0.06305597528000156,27.86743121816072
ASASSN-13cc,2013ex,2013-08-19.62,05:32:46.62,-14:02:46.2,0.01044,15.6,999.0,15.0,999.0,65.44,Ia,---,NGC 1954,Yes,217.13550139576404,-23.65422816539997,14.61728103655821,33.26955024687434,-18.652269210316128,0.6009857235039769,0.0461389270918966,36.06353987194968
ASASSN-13ch,---,2013-08-28.24,16:16:33.97,-00:35:27.3,0.01646,15.8,999.0,15.8,999.0,7.8,Ia,-2,CGCG 023-030,Yes,12.259884166849416,33.50045625244093,15.475079397727525,34.268128727065545,-18.793049329338015,0.5688214047093747,0.055701224498455305,31.56162293122375
ASASSN-13cj,---,2013-08-27.27,16:17:11.08,+04:33:14.7,0.018,15.3,999.0,15.3,999.0,3.51,Ia,-3,CGCG 051-075,Yes,17.66923930737562,36.10404888788037,15.104372774532026,34.464868701827506,-19.36049592729548,0.6190417891165185,0.11899931908303905,13.574866150419885
ASASSN-13cp,---,2013-08-30.24,15:33:49.29,+21:08:20.3,0.023576,15.9,999.0,15.9,999.0,11.22,Ia,-1,ARK 477,Yes,32.74498038473737,52.631778718853,15.746059121886818,35.05995743671553,-19.313898314828712,0.583804018252549,0.11187740136259003,15.310541461711136
ASASSN-13dd,---,2013-09-24.63,09:07:36.82,+03:23:38.7,0.01255,15.2,999.0,15.2,999.0,5.44,Ia,-2,NGC 2765,Yes,226.66435619661868,31.62533655566989,15.112094648874235,33.67275749170786,-18.56066284283363,0.5838345002368772,0.04083222286090552,41.94761003760108
ASASSN-13dm,2013hk,2013-12-04.86,03:02:11.03,+15:55:37.9,0.017,15.9,999.0,15.6,999.0,1.08,Ia,1,2MASX J03021111+1555387,Yes,163.18959485683555,-36.52431072040218,15.252115173584276,34.33911078244007,-19.0869956088558,0.5905759860764836,0.08265228872206477,20.486573781193812
ASASSN-14ar,---,2014-04-24.28,09:09:41.68,+37:36:07.6,0.02298,16.7,999.0,16.0,999.0,1.41,Ia-91bg,-5,IC 527,Yes,185.53822385984645,42.707677228738326,15.944475867104332,35.00338775428692,-19.05891188718259,0.5515191592705249,0.07959939429035313,22.778736614327485
ASASSN-14ax,---,2014-05-04.47,17:10:00.68,+27:06:20.1,0.033,16.8,999.0,16.4,999.0,0.66,Ia,-5,SDSS J171000.69+270619.5,Yes,48.99889052436106,33.164062979821765,16.27188117041185,35.80538965139013,-19.53350848097828,0.5609722211510649,0.149295795235611,11.940185327075374
ASASSN-14ay,---,2014-05-19.55,15:57:02.99,+37:24:56.4,0.030869,16.6,999.0,16.3,999.0,5.87,Ia,-2,2MASX J15570268+3725001,Yes,59.7679127075896,49.862397050567225,16.243535933665598,35.65701099398754,-19.413475060321943,0.5564566773436461,0.12761216940343606,14.082395917584467
ASASSN-14bb,---,2014-05-19.33,12:14:11.35,+38:39:40.8,0.023,16.1,999.0,16.1,999.0,0.84,Ia,-2,2MASX J12141125+3839400,Yes,154.62644811817788,76.08437220674261,16.058377895418886,35.00530934949225,-18.946931454073365,0.5377193425426958,0.06849001954995267,27.152951936233478
ASASSN-14bt,---,2014-05-27.28,10:19:19.74,+58:30:19.7,0.0289,17.3,999.0,16.2,999.0,3.89,Ia,-6,UGC 5566,Yes,152.32821240200167,49.03047847067305,16.176356301632083,35.510716291474026,-19.334359989841943,0.5559722900053125,0.11495374600619702,15.646734925507351
ASASSN-14cb,---,2014-06-07.33,13:08:14.45,+62:02:02.5,0.033643,16.7,999.0,16.5,999.0,2.5,Ia,-2,2MASXi J1308145+620200,Yes,119.50002683266494,54.98211762954767,16.470168658566067,35.848323912432974,-19.378155253866908,0.5332917485211363,0.12180804019703982,15.394272865503428
ASASSN-14dz,---,2014-07-13.31,15:05:54.52,+12:44:43.3,0.022202,15.9,999.0,15.8,999.0,7.0,Ia,0,Mrk 842,Yes,15.07044520923804,55.434165645141285,15.701113209175364,34.92733169919009,-19.226218490014727,0.5792092880475757,0.09956072990992604,17.34109073496391
ASASSN-14ef,---,2014-07-20.27,22:12:10.71,-27:49:43.4,0.0287329999999999,16.5,999.0,15.2,999.0,6.22,Ia,9,MCG -05-52-046,Yes,22.35543547163695,-54.827379726099295,15.14617517488282,35.4978625654235,-20.351687390540683,0.6156527585223253,0.4427562252018184,3.6685926712366994
ASASSN-14eo,---,2014-07-26.57,01:57:36.72,+16:46:20.8,0.026819,15.9,999.0,15.8,999.0,9.24,Ia,-3,CGCG 461-012,Yes,144.91558928658733,-43.25667239286472,15.65648227274689,35.345078556879095,-19.688596284132203,0.6069886087202795,0.1826434239546629,9.020184465123837
ASASSN-14ep,---,2014-07-27.21,15:23:44.06,+68:37:55.6,0.022829,16.4,999.0,15.6,999.0,3.4,Ia,-2,CGCG 338-006,Yes,105.08878718327388,42.83665654656952,15.535959580299618,34.98882638881375,-19.45286680851413,0.6054106206231767,0.1343869683373481,12.291158180474351
ASASSN-14es,---,2014-07-27.28,14:35:01.75,+26:32:38.9,0.030705,16.8,999.0,16.5,999.0,2.19,Ia,2,IC 4462,Yes,37.43483688911392,66.92487499066353,16.43223332041334,35.64517992157863,-19.21294660116529,0.523373584546915,0.09781380749714881,19.533858438539237
ASASSN-14eu,---,2014-08-01.02,15:00:36.84,-03:50:48.9,0.022722,16.6,999.0,15.3,999.0,50.53,Ia-00cx,-1,MCG -01-38-015,Yes,353.121546486506,46.0573783152599,14.88904281482672,34.978450598811705,-20.089407783984985,0.6346803837850589,0.3113018811333071,5.061312809405605
ASASSN-14ew,---,2014-08-04.05,20:22:00.75,-51:47:45.0,0.019597,16.3,999.0,14.9,999.0,8.29,Ia,-7,2MASX J20220000-5147474,Yes,346.9456474760631,-34.76634032863036,14.745972191487857,34.652068231302835,-19.906096039814976,0.6460650507952994,0.24338618714593158,6.359571062589506
ASASSN-14fa,---,2014-08-05.31,02:52:23.06,-31:49:18.0,0.0225889999999999,16.3,999.0,15.8,999.0,18.71,Ia,-6,ESO 416-G039,Yes,230.3861378159517,-63.35035631847,15.745617480694404,34.965486372053235,-19.21986889135883,0.5761210761283789,0.09872123160814346,17.582299432208693
ASASSN-14fo,---,2014-08-15.49,20:34:06.43,-01:58:03.6,0.02,15.9,999.0,15.6,999.0,6.0,Ia,1,GALEXASC J203406.21-015759.2,Yes,43.424567975854,-23.63589155045956,15.267562677980813,34.696928940024044,-19.42936626204323,0.6168457192947425,0.13030638321908874,12.441070585384413
ASASSN-14fw,---,2014-08-18.47,23:49:06.72,-07:02:56.6,0.027169,16.7,999.0,16.5,999.0,2.0,Ia,6,MCG -01-60-044,Yes,83.71737693783766,-65.06119356083116,16.423275866455455,35.37379999216256,-18.950524125707105,0.5063772405403845,0.06882147554766598,28.694710164865228
ASASSN-14gh,---,2014-08-28.29,17:15:09.35,+41:48:39.3,0.044,17.0,999.0,15.6,999.0,3.94,Ia,-5,SDSS J171509.30+414841.6,Yes,66.68157231951344,35.067976625259554,15.542705008011168,36.447578214577845,-20.90487320656668,0.6035129758720812,0.8970149474148775,1.8471990983158362
ASASSN-14hp,---,2014-09-22.13,21:30:31.42,-70:38:34.4,0.0389199999999999,16.6,999.0,16.5,999.0,15.95,Ia,-7,2MASX J21303015-7038489,Yes,321.8577705911255,-38.23739102466002,16.4156932680232,36.17313431355776,-19.75744104553456,0.5527360056804491,0.19987806079274498,9.051428328434156
ASASSN-14hr,---,2014-09-25.39,01:50:41.23,-14:31:04.7,0.03362,16.5,999.0,15.9,999.0,1.62,Ia,-7,2MASX J01504127-1431032,Yes,173.48242419321724,-71.30644160317526,15.863954917004758,35.846802040077435,-19.98284712307268,0.591038583108457,0.2697219965413359,6.272891873319187
ASASSN-14hu,---,2014-09-27.37,06:43:26.82,-69:38:14.4,0.015,16.1,999.0,15.6,999.0,31.02,Ia,-6,ESO 058-G012,Yes,280.17087340975826,-25.994466522088988,15.406550527229893,34.06403522974126,-18.657484702511365,0.5713184924939674,0.0464612642688755,37.67304246311334
ASASSN-14ig,---,2014-09-21.33,01:16:04.95,-61:37:15.8,0.0289999999999999,16.3,999.0,16.3,999.0,1.0,Ia,3,ESO 113-G032,Yes,297.7959853949505,-55.260763012864096,16.24310077151356,35.518378339048226,-19.275277567534665,0.5457551809924889,0.10628260572546941,17.240106299689774
ASASSN-14in,---,2014-10-04.29,18:24:30.02,+52:26:29.4,0.033,16.4,999.0,16.0,999.0,6.3,Ia,-8,2MASX J18242915+5226380,Yes,80.95734882369788,25.156440617373264,15.90288117041185,35.80538965139013,-19.90250848097828,0.5905543232356188,0.24222383865844774,6.990741840591089
ASASSN-14iu,---,2014-10-12.61,09:10:39.53,+50:22:48.3,0.016855,16.1,999.0,15.5,999.0,1.5,Ia,0,NGC 2771,Yes,168.15320069568875,42.46849780727566,15.445804338950936,34.32027195963947,-18.87446762068853,0.5717163548926427,0.06213476211960667,28.150411253054852
ASASSN-14jc,---,2014-10-19.34,07:35:35.29,-62:46:12.6,0.011325,16.1,999.0,15.6,999.0,3.11,Ia,-4,2MASX J07353554-6246099,Yes,274.5525562058127,-19.11630911972772,15.17790108068209,33.44770440881008,-18.269803328127992,0.5798147251117522,0.02763068034650272,62.41934122106043
ASASSN-14jg,---,2014-10-29.05,23:33:13.82,-60:34:12.5,0.014827,15.0,999.0,14.9,999.0,13.98,Ia,-3,2MASX J23331223-6034201,Yes,319.1860552944768,-54.02074928263142,14.85779636900507,34.03856057137777,-19.1807642023727,0.6136679543508385,0.09370010825468461,17.391076371955013
ASASSN-14jz,---,2014-11-10.03,18:44:44.34,-52:48:05.5,0.012,15.7,999.0,14.9,999.0,16.48,Ia,-9,GALEXASC J184443.33-524819.2,Yes,343.05866442862083,-20.333679481621022,14.753687570993266,33.574536133524084,-18.82084856253082,0.5977831278122776,0.05781790232758917,28.933036558173274
ASASSN-14kd,---,2014-11-12.28,22:53:24.95,+04:47:57.3,0.026,16.8,999.0,15.9,999.0,3.1,Ia,-8,2MASX J22532475+0447583,Yes,76.68774390351733,-47.19735613660759,15.719477050276454,35.27640666376551,-19.55692961348906,0.6005108421901931,0.153906879182584,10.819846887587655
ASASSN-14kq,---,2014-11-23.07,23:45:15.51,-29:47:01.1,0.0336,17.0,999.0,16.3,999.0,9.52,Ia,-6,2MASX J23451480-2947009,Yes,18.69374778395981,-75.22742100718551,16.254242729984256,35.845477845766666,-19.59123511578241,0.5645281286373974,0.16091466902651447,11.008262507540095
ASASSN-14kr,---,2014-11-23.64,12:54:13.15,-07:38:57.4,0.0139999999999999,15.5,999.0,15.5,999.0,7.47,Ia,27,GALEXASC J125413.02-073849.5,Yes,304.13995106040585,55.21594605665875,15.406212168044782,33.91257186312305,-18.506359695078267,0.5713485722338959,0.037977105338740505,46.0868466995134
ASASSN-14lo,---,2014-12-08.58,11:51:53.19,+18:32:31.0,0.01993,16.0,999.0,15.8,999.0,19.2,Ia,-4,UGC 6837,Yes,241.88904514391345,73.83553805227375,15.710647710562366,34.689201069892874,-18.97855335933051,0.5615102859813076,0.0714625574051207,24.920900410723256
ASASSN-14lp,---,2014-12-09.61,12:45:09.10,-00:27:32.5,0.0051,14.3,999.0,11.9,999.0,12.0,Ia,---,NGC 4666,Yes,299.5415920515063,62.37133138924319,11.833487047507637,31.705014624658467,-19.87152757715083,0.6912616572668655,0.2324295084716842,6.223952477874113
ASASSN-14lq,---,2014-12-09.21,22:57:19.41,-20:58:00.8,0.026191,16.2,999.0,16.2,999.0,23.1,Ia-91T,4,2MASX J22571481-2058014,Yes,40.042010663616175,-63.29284971853214,16.117973356487333,35.29260964425849,-19.17463628777116,0.5475033170564801,0.09293607827857799,19.653002217406414
ASASSN-14lt,---,2014-12-10.37,03:11:02.54,-13:06:38.8,0.032046,16.5,999.0,16.5,999.0,6.7,Ia,-6,IC 299,Yes,196.6895104071023,-54.52037271616628,16.35464413893282,35.74015856444824,-19.385514425515417,0.5448876310064519,0.1229967142113669,14.92105533095701
ASASSN-14lu,---,2014-12-09.65,14:10:39.52,-02:40:56.0,0.0269949999999999,16.4,999.0,16.4,999.0,5.8,Ia,---,2MASX J14103977-0241003,Yes,338.67895767427905,54.59621649405878,16.22573679007952,35.35956700194866,-19.133830211869142,0.5357132210702836,0.08800098469824628,21.211926011597427
ASASSN-14lv,---,2014-12-12.05,23:32:07.37,-41:16:11.7,0.049194,17.4,999.0,16.4,999.0,2.42,Ia,7,LCRS B232926.0-413242,Yes,346.8639744920626,-68.44018628768045,16.36558275157814,36.69803964991006,-20.33245689833192,0.5432100624615624,0.4315492794604494,4.26581284794084
ASASSN-14lw,---,2014-12-12.07,01:06:49.17,-46:59:00.0,0.016,16.4,999.0,15.5,999.0,12.5,Ia,-8,GALEXASC J010647.95-465904.1,Yes,295.2755765261509,-69.91559538660987,15.46169410497224,34.20582367644481,-18.74412957147257,0.5690054937118572,0.05216695999947125,33.68899157727893
ASASSN-14me,---,2014-12-16.08,01:26:40.22,-57:59:49.9,0.018,16.3,999.0,14.9,999.0,1.15,Ia,-15,ESO 113-G047,Yes,293.9930436430328,-58.51541985510386,14.842872774532026,34.464868701827506,-19.62199592729548,0.6437031556441137,0.16747246059103,9.276218302158258
ASASSN-14mf,---,2014-12-16.05,00:04:54.46,-32:26:14.6,0.0311,16.7,999.0,15.9,999.0,2.3,Ia,-6,GALEXASC J000454.54-322615.3,Yes,2.3837480486343128,-78.60324047388357,15.864868376406609,35.67357156808204,-19.80870319167543,0.5944702003841446,0.21385008662004537,7.866118422476012
ASASSN-14mu,---,2014-12-29.39,09:26:17.25,+45:29:25.2,0.027249,16.5,999.0,16.5,999.0,1.33,Ia,3,KUG 0923+457,Yes,174.45439304876405,45.67401856956966,16.454590595167407,35.38031391401705,-18.925723318849645,0.5021248819455382,0.06656548554430029,29.918454347075258
ASASSN-14mw,---,2014-12-29.08,01:41:25.16,-65:37:01.3,0.027406,16.8,999.0,15.7,999.0,36.27,Ia,-5,AM 0139-655 NED02,Yes,294.82196403238424,-50.71692629408279,15.646317519510577,35.39304313444442,-19.746725614933844,0.6077730783289369,0.19708414932338086,8.348469099175661
ASASSN-14my,---,2014-12-30.29,11:38:29.98,-08:58:35.8,0.0205139999999999,16.5,999.0,15.3,999.0,4.44,Ia,-3,NGC 3774,Yes,274.3218556865693,49.79992146097936,15.199441721201293,34.75287027287624,-19.553428551674944,0.6265214560867935,0.1532089230056412,10.417895378534473
ASASSN-15ad,---,2014-12-29.18,6:23:44.87,-16:5:51.0,0.024,16.3,999.0,16.3,999.0,14.67,Ia,-4,PGC 902451,Yes,224.4270632461277,-13.267263321742773,15.74029255399131,35.09935200699404,-19.35905945300273,0.5876855234553969,0.11877353643642577,14.326342168460892
ASASSN-15ae,---,2015-01-01.63,15:51:5.81,34:25:55.8,0.0312399999999999,17.4,999.0,16.4,999.0,4.98,Ia,-5,2MASX J15510599+3425520,Yes,55.06774640926088,51.046534785385234,16.3198393559154,35.683549798786345,-19.363710442870943,0.5463266017879904,0.11950603040926763,15.316439910795026
ASASSN-15aj,---,2015-01-08.30,10:52:53.26,-32:55:34.9,0.01092,15.0,999.0,14.7,999.0,6.36,Ia,-3,NGC 3449,Yes,275.9827968580443,23.66830325563612,14.494913676523415,33.367956085296,-18.873042408772584,0.6071102497774701,0.06201589629346912,26.560081915722062
ASASSN-15ak,---,2015-01-09.22,0:12:1.58,26:23:37.3,0.01503,15.1,999.0,14.7,999.0,3.36,Ia-91T,---,UGC 110,Yes,112.05964317708136,-35.64463088759532,14.583453290160788,34.068423217460875,-19.484969927300085,0.6480293308013768,0.14015077422377337,11.010570844464594
ASASSN-15as,---,2015-01-13.44,9:39:16.55,6:25:48.5,0.0279999999999999,16.4,999.0,16.1,999.0,3.4,Ia,-1,SDSS J093916.69+062551.1,Yes,228.3136110681561,39.96902515375921,15.98006626867722,35.44056472662131,-19.46049845794409,0.5793944970677243,0.1357371573918463,12.715307985811663
ASASSN-15az,---,2015-01-14.46,11:8:37.6,-10:14:57.9,0.0283199999999999,16.3,999.0,16.3,999.0,19.0,Ia,-1,2MASX J11083863-1014456,Yes,265.75174180678925,45.07220120966196,16.135949626168504,35.465757481111886,-19.329807854943382,0.5587686314824319,0.11426250934174305,15.662613282549065
ASASSN-15ba,---,2015-01-15.64,14:4:55.09,8:55:14.5,0.02313,16.6,999.0,15.8,999.0,0.86,Ia,-5,SDSS J140455.12+085514.0,Yes,350.0132936027398,64.84030712056472,15.731791650063938,35.01775979973026,-19.28596814966632,0.5823705616934846,0.10780402973377631,15.928159325221001
ASASSN-15be,---,2015-01-19.07,2:52:46.39,-34:18:52.5,0.0219,16.4,999.0,15.6,999.0,7.0,Ia,-10,GALEXASC J025245.83-341850.6,Yes,235.88448017427768,-63.06348777091892,15.547014969300056,34.89709979834116,-19.3500848290411,0.5976059663366424,0.11737200033795578,14.256751149348352
ASASSN-15bf,---,2015-01-19.12,4:38:41.1,-41:37:26.2,0.04853,17.7,999.0,16.1,999.0,4.77,Ia,8,2MASX J04384102-4137212,Yes,245.8238304266464,-41.84001598506746,16.052466426883157,36.66749014256545,-20.61502371568229,0.5637805666936114,0.6250720384033226,2.837656523572213
ASASSN-15bm,---,2015-01-22.36,15:5:51.58,-5:37:37.0,0.0206,16.6,999.0,15.5,999.0,0.14,Ia,-10,GALEXASC J150551.56-053737.2,Yes,352.74748654474104,43.865022854097866,15.284951481914929,34.76209502734439,-19.477143545429456,0.6190128716886609,0.13872518014227772,11.645148277478413
ASASSN-15bn,---,2015-01-23.63,15:55:35.35,66:43:19.3,0.0279999999999999,16.7,999.0,16.1,999.0,7.69,Ia,-2,GALEXASC J155536.57+664316.5,Yes,100.59901426270116,41.53073949242852,16.017866268677217,35.44056472662131,-19.422698457944094,0.5743527491238812,0.1291695756186018,13.479105208621396
ASASSN-15bo,---,2015-01-22.58,14:44:55.22,24:34:43.7,0.0363,17.1,999.0,16.1,999.0,0.32,Ia,-9,SDSS J144455.21+243443.9,Yes,33.637693908187195,64.39590214970916,15.993754630490065,36.01763097480816,-20.02387634431809,0.5814039792647163,0.2850098207231466,6.034790182872396
ASASSN-15cd,---,2015-01-26.46,9:59:14.99,12:59:18.3,0.03435,17.1,999.0,16.4,999.0,3.85,Ia,-1,CGCG 064-017,Yes,223.54854149348083,47.412256918845664,16.32253165246314,35.89461586717071,-19.57208421470757,0.558172752580165,0.1569642914270407,11.413806449939079
ASASSN-15cq,---,2015-02-08.57,13:23:48.46,43:17:59.1,0.02728,15.9,999.0,15.9,999.0,5.2,Ia,-2,CGCG 218-007,Yes,102.95417293319136,72.5506869916479,15.866395833854236,35.38283301699921,-19.516437183144973,0.5899117033323047,0.14601832037615065,11.60928944398512
ASASSN-15cz,---,2015-02-12.48,11:35:24.4,57:38:59.6,0.02877,16.1,999.0,16.0,999.0,3.21,Ia,-9,SBS 1132+579,Yes,141.42178581366898,56.664901524302,15.96659380270178,35.50071669848998,-19.5341228957882,0.584070307904522,0.14941504274705544,11.458837161080888
ASASSN-15db,---,2015-02-15.58,15:46:58.69,17:53:2.6,0.011,15.2,999.0,14.5,999.0,2.84,Ia,-5,NGC 5996,Yes,29.50946358946725,48.631718667829055,14.409011609573906,33.38393878788335,-18.974927178309446,0.6134853223162734,0.07111531773906389,22.920952890945085
ASASSN-15dd,---,2015-02-15.58,15:43:59.07,19:12:40.7,0.02437,16.5,999.0,16.1,999.0,2.6,Ia,-10,CGCG 107-031,Yes,31.0371768338651,49.75800452023983,15.950940316821631,35.13317432388228,-19.18223400706065,0.5601382480642588,0.09388427006912256,19.01568336381298
ASASSN-15dz,---,2015-02-20.59,16:41:20.87,8:54:31.7,0.03222,17.1,999.0,16.3,999.0,0.95,Ia,-5,CGCG 080-055,Yes,25.79051839182884,32.91044340569491,16.136763767937527,35.75219641508173,-19.6154326471442,0.5744624257771014,0.16605058697949138,10.48329862213382
ASASSN-15eb,---,2015-02-26.33,8:6:7.4,-22:33:48.9,0.01648,15.9,999.0,15.7,999.0,1.17,Ia,0,ESO 561-G012,Yes,241.4973224775256,5.056955344866752,15.181275464793138,34.27079845918209,-19.08952299438895,0.5937713309421965,0.08293260628402693,20.30745321225618
ASASSN-15fa,---,2015-03-17.63,17:9:46.03,62:58:27.0,0.02741,16.7,999.0,16.3,999.0,13.89,Ia,-6,NGC 6319,Yes,92.68663556243992,35.434146126455346,16.22741836421821,35.393366510618065,-19.165948146399856,0.5380790105996824,0.09186322099157403,20.2307638008121
ASASSN-15fk,---,2015-03-19.12,5:40:12.18,-38:48:42.5,0.03597,17.2,999.0,16.4,999.0,27.17,Ia,-5,2MASX J05401415-3848285,Yes,244.1235878061337,-29.860539694950173,16.332215470414795,35.99727339010446,-19.665057919689666,0.5596018393812101,0.17712213126904022,10.088998032614189
ASASSN-15fr,---,2015-03-24.35,9:20:20.44,-7:38:26.8,0.03344,16.5,999.0,16.5,999.0,3.61,Ia,-4,2MASX J09202045-0738229,Yes,239.3306813655989,28.22888144928368,16.402542616087487,35.834856483078106,-19.43231386699062,0.5438142296411123,0.13081186430590463,14.057312435726805
ASASSN-15fs,---,2015-03-25.56,18:58:40.82,43:28:7.9,0.0290199999999999,16.5,999.0,16.3,999.0,2.5,Ia-91T,-8,CGCG 229-010,Yes,73.57749175896929,17.055074479119643,16.062609295418874,35.519907641606935,-19.45729834618806,0.5733441928341761,0.13516948773310256,12.9034521013431
ASASSN-15fy,---,2015-03-29.38,19:50:22.34,-14:17:46.0,0.025,16.6,999.0,16.2,999.0,3.0,Ia,8,Uncatalogued,Yes,26.39488779037497,-19.38623969729642,15.789630518462165,35.189619091763724,-19.39998857330156,0.5877629110356458,0.1253662264919679,13.571169300627325
ASASSN-15ga,---,2015-03-30.29,12:59:27.29,14:10:15.8,0.00663,15.4,999.0,15.1,999.0,2.4,Ia,-5,NGC 4866,Yes,311.5417721791504,76.90859576995777,15.025386445732671,32.27728396668476,-17.25189752095209,0.5826064826732746,0.006962389272475388,246.52807577049754
ASASSN-15go,---,2015-04-06.05,6:11:30.5,-16:29:3.5,0.01892,16.5,999.0,15.8,999.0,5.0,Ia,-9,2MASX J06113048-1629085,Yes,223.53230814535056,-16.100379164100733,15.372598165012924,34.57461851142578,-19.20202034641286,0.5940676861291976,0.09639791117693255,17.462099025530943
ASASSN-15gr,---,2015-04-09.05,6:45:20.58,-34:53:38.1,0.024,16.6,999.0,16.0,999.0,18.93,Ia,-6,ESO 366-G015,Yes,244.26556755580305,-16.275745879632986,15.74199255399131,35.09935200699404,-19.35735945300273,0.587456221083086,0.1185068526085899,14.364186285629383
ASASSN-15gw,---,2015-04-10.54,14:16:23.97,39:30:9.0,0.01951,16.3,999.0,16.2,999.0,1.7,Ia,---,NGC 5536,Yes,73.36681303095303,68.45343351556657,16.170151055219243,34.64226436467838,-18.47211330945914,0.524284349404523,0.03627596127121674,52.57922455682393
ASASSN-15he,---,2015-04-12.34,16:31:33.5,-67:52:4.2,0.01588,16.3,999.0,16.2,999.0,10.41,Ia,-3,ESO 069-G005,Yes,321.4283450456011,-13.30949422863701,15.973884932048447,34.18927900185075,-18.2153940698023,0.5371146197616099,0.025675071969786103,72.51391559557733
ASASSN-15hf,---,2015-04-17.05,10:29:30.76,-35:15:35.2,0.00618,14.9,999.0,14.3,999.0,2.16,Ia,-7,ESO 375-G041,Yes,272.8123493700247,19.179819796265846,14.034950138512915,32.12390853991246,-18.088958401399548,0.6147538345105864,0.02164840582135936,75.14028415067071
ASASSN-15hh,---,2015-04-20.02,5:51:18.69,-50:35:9.8,0.02339,16.0,999.0,15.7,999.0,15.78,Ia,-5,NGC 2115A,Yes,257.8995328375575,-29.922983877024866,15.53744703940894,35.042455557056606,-19.505008517647667,0.6082328784601723,0.14386181464020917,11.428377391817794
ASASSN-15ho,---,2015-04-19.06,9:9:23.89,-4:43:31.0,0.046,16.9,999.0,16.2,999.0,7.83,Ia,0,2MASXi J0909234-044327,Yes,234.85804052774336,27.69026140674762,16.15359241203997,36.54725494721455,-20.393662535174577,0.5588316915583657,0.4681578033865634,3.822317036458165
ASASSN-15hx,---,2015-04-26.18,13:43:16.69,-31:33:21.5,0.0081,15.1,999.0,13.3,999.0,3.06,Ia,-11,GALEXASC J134316.80-313318.2,Yes,315.6842718855162,30.028831643590937,13.169447136449936,32.714588471810146,-19.54514133536021,0.6890206352374475,0.1515690880242268,9.57540460230415
ASASSN-15hy,---,2015-04-25.21,20:10:2.35,0:44:21.3,0.025,16.5,999.0,15.2,999.0,12.9,Ia-07if,-14,Uncatalogued,Yes,42.85892489875111,-17.060182041560996,14.873430518462165,35.189619091763724,-20.31618857330156,0.6267218668928769,0.42227540031378347,3.7785865104379335
ASASSN-15hz,---,2015-04-26.38,22:29:38.08,-65:27:56.2,0.033,17.4,999.0,16.1,999.0,3.58,Ia,-6,APMUKS(BJ) B222606.49-654315.6,Yes,323.1090580633828,-45.71381472588916,16.032581170411852,35.80538965139013,-19.77280848097828,0.5835284992261683,0.2039599595854987,8.402199926153296
ASASSN-15ic,---,2015-04-27.00,6:14:51.38,-42:47:56.0,0.025,16.5,999.0,15.9,999.0,29.0,Ia,-3,2MASX J06145320-4247357,Yes,250.21428192973983,-24.431142992356467,15.749430518462166,35.189619091763724,-19.44018857330156,0.592874110667589,0.1321711666283162,12.76147254338636
ASASSN-15ih,---,2015-05-06.07,9:59:59.57,9:59:59.6,0.01983,16.4,999.0,16.0,999.0,8.39,Ia,-6,GALEXASC J095959.71-025322.1,Yes,227.5417720058512,46.18947340507459,15.907126505436818,34.678114719443144,-18.770988214006326,0.544212264234619,0.05407795963602758,33.979061382150334
ASASSN-15il,---,2015-05-11.31,15:57:8.15,-12:40:23.9,0.02332,16.5,999.0,16.2,999.0,1.77,Ia,-5,2MASX J15570808-1240252,Yes,357.55323702449755,29.90031089288092,15.744227730674318,35.03583336025255,-19.291605629578235,0.5821059142828091,0.10861466857599233,15.816467994114547
ASASSN-15ja,---,2015-05-13.43,1:9:39.03,-61:19:58.3,0.02632,16.3,999.0,16.0,999.0,1.5,Ia,-4,ESO 113-G018,Yes,299.06116676943554,-55.65830342015922,15.94473553954436,35.303487528048215,-19.35875198850385,0.5748106599279851,0.11872526192630743,14.653185584750409
ASASSN-15jf,---,2015-05-12.40,22:25:11.08,-50:23:47.5,0.036,16.2,999.0,16.2,999.0,1.6,Ia,-9,GALEXASC J222510.84-502347.7,Yes,342.9521250206505,-53.80501205840444,16.166936885768898,35.99913159245395,-19.83219470668505,0.5731493273771029,0.22060282083001062,7.908992277680016
ASASSN-15jl,---,2015-05-13.39,15:22:41.12,50:58:35.4,0.03475,17.5,999.0,16.1,999.0,1.0,Ia,-10,SDSS J152241.16+505836.0,Yes,83.21038646610374,52.840524880010506,16.062491760205837,35.92039604242062,-19.857904282214783,0.5805363800733133,0.2282577735450049,7.546489683088802
ASASSN-15jo,---,2015-05-20.14,14:6:44.67,-34:27:17.4,0.011,16.4,999.0,15.2,999.0,95.64,Ia,---,ABELL S0753,Yes,320.13606577071096,25.88853964623513,15.029711609573903,33.38393878788335,-18.35422717830945,0.5862870442383102,0.030961381930403053,55.089567904875274
ASASSN-15jt,---,2015-05-22.34,13:8:9.13,27:49:34.9,0.023,17.1,999.0,16.2,999.0,0.95,Ia,-13,2MASX J13080914+2749354,Yes,44.556168176924345,86.22785909442192,16.169377895418883,35.00530934949225,-18.835931454073368,0.5260501036570105,0.05900048872513576,32.21938752182737
ASASSN-15kg,---,2015-05-27.99,8:40:12.01,-4:35:31.0,0.01426,15.8,999.0,15.1,999.0,7.61,Ia,-7,2MASX J08401168-0435369,Yes,230.39603944387505,21.645970816244773,15.042499002314887,33.95295783040734,-18.91045882809245,0.5898544443668869,0.06521379885110148,25.996545676611134
ASASSN-15kk,---,2015-06-05.28,9:18:31.05,74:19:7.0,0.00989,14.5,999.0,14.1,999.0,4.5,Ia,-5,UGC 4883,Yes,138.38733278590576,35.66235510968666,14.012961269538383,33.151117421802745,-19.13815615226436,0.6360028029524949,0.08851179163569012,17.763962128724675
ASASSN-15kn,---,2015-06-07.09,12:41:50.55,-7:10:11.9,0.02473,16.4,999.0,16.1,999.0,4.44,Ia,-1,2MASX J12415081-0710092,Yes,298.7140552227697,55.623173057647406,16.0199625253489,35.16560158691361,-19.145639061564708,0.5524690285745366,0.08940222428693789,20.246210110204487
ASASSN-15kp,---,2015-06-07.99,12:58:41.76,-32:7:26.0,0.0174,16.0,999.0,15.3,999.0,8.05,Ia,-4,AM 1255-315,Yes,304.7195263633552,30.72266528140343,15.075979306884218,34.390268706398466,-19.314289399514248,0.6165101186079599,0.11193546215707063,14.490791055364001
ASASSN-15kq,---,2015-06-06.95,6:48:43.87,-54:12:16.7,0.02676,16.8,999.0,16.3,999.0,1.35,Ia,-7,GALEXASC J064843.83-541213.4,Yes,263.79566750086764,-22.086212403863897,16.027161298868776,35.34020074956454,-19.31303945069576,0.5655065375608482,0.11174999377293746,15.823948558642282
ASASSN-15kx,---,2015-06-10.57,22:16:11.81,37:28:26.1,0.0180199999999999,16.4,999.0,15.9,999.0,2.33,Ia,-8,MCG +06-49-001,Yes,91.79818652380828,-15.840673359219618,15.46117524779486,34.46731288497518,-19.00613763718032,0.5759845118918123,0.07415914585603711,23.411243141359723
ASASSN-15la,---,2015-06-11.33,14:12:51.22,35:42:39.8,0.0279,16.6,999.0,16.4,999.0,0.67,Ia,-8,NGC 5517,Yes,64.32705296786607,70.67916153343,16.350009285350815,35.432634078549974,-19.08262479319916,0.5210362181197159,0.08216970606391423,23.357177099536887
ASASSN-15lg,---,2015-06-15.35,13:15:32.84,3:30:2.3,0.0203199999999999,16.3,999.0,15.8,999.0,2.12,Ia,-11,CGCG 044-042,Yes,317.67525281463844,65.67990484628312,15.716810384057895,34.73192023446914,-19.01510985041125,0.5630096246844208,0.07505757728393035,23.664080754043592
ASASSN-15li,---,2015-06-16.34,14:25:7.69,62:53:29.7,0.0261,16.2,999.0,16.2,999.0,2.58,Ia,3,2MASX J14250783+6253235,Yes,106.1743884266292,51.07967082246179,16.1580282232346,35.2849044177353,-19.1268761945007,0.5406803014999414,0.08718589166245008,21.21354449090845
ASASSN-15lp,---,2015-06-20.61,1:49:10.32,5:38:23.3,0.01769,15.1,999.0,15.1,999.0,1.49,Ia,4,MRK 576,Yes,148.14096647525574,-54.38164101431972,14.92272659413651,34.426637198263535,-19.503910604127025,0.6362188605559925,0.14365619593983206,10.941304341977267
ASASSN-15lu,---,2015-06-20.32,13:21:12.9,40:15:56.4,0.0350399999999999,17.1,999.0,16.5,999.0,0.36,Ia,---,2MASX J13211289+4015564,Yes,99.69188476230268,75.48996402070127,16.4624793506778,35.93890613437934,-19.476426783701537,0.5408165153374414,0.1385952834715226,13.34140608487042
ASASSN-15mc,---,2015-07-05.61,2:48:59.57,3:10:10.5,0.0139199999999999,16.1,999.0,15.0,999.0,11.39,Ia,-9,UGC 2295,Yes,170.628385031131,-48.508806655585424,14.837311944228896,33.89999597639637,-19.062684032167475,0.6050980654620632,0.08000292029899227,20.657054506352654
ASASSN-15mf,---,2015-07-07.32,14:14:22.8,2:58:31.0,0.026,16.5,999.0,16.2,999.0,2.6,Ia,-3,UGC 9108 NED02,Yes,345.89334917657806,58.74700169154357,16.100777050276456,35.27640666376551,-19.175629613489058,0.5488906560638445,0.09305951352356051,19.577326526209834
ASASSN-15mi,---,2015-07-06.32,14:3:15.75,41:36:14.4,0.03445,17.0,999.0,16.3,999.0,1.79,Ia,---,MRK 0283a,Yes,82.08022778615857,69.36417248055513,16.248613744999062,35.901088285778435,-19.652474540779373,0.5664161609872242,0.17424338496150815,10.13230057058382
ASASSN-15mp,---,2015-07-17.27,0:58:45.27,-14:4:11.8,0.037,16.7,999.0,16.3,999.0,0.89,Ia,---,2MASX J00584521-1404122,Yes,130.74244644794453,-76.83060727172929,16.244302769864113,36.060222766070815,-19.815919996206706,0.5672318823100589,0.21590050518791848,8.165554997771913
ASASSN-15nn,---,2015-07-24.59,1:52:18.17,48:5:17.3,0.0226199999999999,16.8,999.0,16.0,999.0,1.5,Ia,---,UGC 1332,Yes,133.32164129352287,-13.551971596258316,15.459023676464277,34.96851480856902,-19.509491132104746,0.6124175706107137,0.14470412587617026,11.28421737159119
ASASSN-15np,---,2015-08-06.26,15:6:2.65,7:33:41.5,0.0376899999999999,17.1,999.0,16.5,999.0,0.36,Ia,-1,2MASX J15060265+0733415,Yes,7.675163068609326,52.59931769721168,16.42519655848434,36.10144406940157,-19.676247510917232,0.5513679782642266,0.17972434345855054,10.09140309570031
ASASSN-15nq,---,2015-08-06.38,17:17:19.23,33:27:43.3,0.03042,17.0,999.0,16.2,999.0,6.36,Ia,-7,2MFGC 13779,Yes,56.82620838153759,33.21839262413016,16.079644109241332,35.624471917980856,-19.544827808739523,0.5764932226798616,0.15150738425349455,11.449117005367995
ASASSN-15nr,---,2015-08-06.37,17:26:41.84,13:54:35.5,0.0232099999999999,16.8,999.0,16.0,999.0,4.79,Ia-91T,-5,CGCG 082-031,Yes,36.34611958831412,24.94897817795115,15.653903646659971,35.02538745135234,-19.371483804692367,0.5935326054749507,0.12073973071045552,13.95420874294747
ASASSN-15ns,---,2015-08-06.33,16:40:28.02,39:19:12.8,0.03067,16.5,999.0,16.2,999.0,0.3,Ia,-3,MRK 887,Yes,62.76462373639839,41.40127375085719,16.16721131515878,35.64264699080556,-19.47543567564678,0.5665098691729578,0.13841585063993317,12.752833624436759
ASASSN-15oh,---,2015-08-14.42,22:30:41.98,39:17:35.2,0.01684,16.7,999.0,16.1,999.0,4.61,Ia,-5,MCG +06-49-027,Yes,95.30525826402784,-15.912439993152162,15.711704742255034,34.318313987568395,-18.60660924531336,0.5555747472325644,0.043412278081906605,41.461492016578624
ASASSN-15ol,---,2015-08-15.20,1:54:6.04,-56:41:42.5,0.01978,16.5,999.0,15.3,999.0,15.0,Ia,-8,NGC 745,Yes,286.5000433580452,-58.38910770073554,15.218115325324789,34.67255086174187,-19.45443553641708,0.6207046438070253,0.13466349739288397,11.963689029002198
ASASSN-15om,---,2015-08-15.42,2:13:7.47,-45:18:8.0,0.04172,16.8,999.0,16.4,999.0,7.0,Ia,1,LCRS B021111.4-453206,Yes,266.46414327448315,-65.61206439919107,16.355795275412348,36.32843306934045,-19.9726377939281,0.5549687141905884,0.2660522813658788,6.772741685716639
ASASSN-15pe,---,2015-09-07.28,17:20:15.35,39:8:60.0,0.03793,16.7,999.0,16.3,999.0,5.09,Ia,4,CGCG 226-005,Yes,63.65562820989666,33.73090976986216,16.193806224452796,36.11560968011687,-19.921803455664072,0.5695409174367851,0.2485456642657967,7.064295832945031
ASASSN-15pl,---,2015-09-11.36,2:30:23.17,-20:41:0.1,0.01617,16.3,999.0,15.0,999.0,5.26,Ia,---,ESO 545-G025,Yes,202.354829806898,-66.53113762769522,14.93480049108795,34.22905324314438,-19.29425275205643,0.6205666987923589,0.10899731084661139,14.784129233335026
ASASSN-15pp,---,2015-09-12.31,5:40:9.96,-55:32:34.8,0.02396,17.1,999.0,16.0,999.0,12.35,Ia,-1,ESO 159-G023,Yes,263.4948504534128,-32.00974206184597,15.830975866395525,35.095664887569924,-19.2646890211744,0.5746627769465099,0.1047959446316548,16.605136732478087
ASASSN-15pr,---,2015-09-13.17,23:6:39.5,-12:34:22.4,0.0330899999999999,16.1,999.0,16.1,999.0,2.75,Ia,-6,2MASX J23063962-1234238,Yes,58.44356526528894,-61.48513796920499,16.012695421799283,35.81144806745653,-19.79875264565725,0.584757397571393,0.2110574240853188,8.102585864319705
ASASSN-15pz,---,2015-09-27.16,3:8:48.44,-35:13:50.9,0.0149,16.7,999.0,14.2,999.0,21.81,Ia,-2,ESO 357-G005,Yes,237.00539149484024,-59.688296723363166,14.151100790917926,34.04934566057514,-19.898244869657216,0.6665807291714818,0.24085014654896353,6.228741837147387
ASASSN-15qc,---,2015-10-01.48,0:39:17.98,3:57:0.1,0.01765,15.5,999.0,15.4,999.0,14.04,Ia,-6,UGC 402,Yes,117.08322353108656,-58.78380917965491,15.331119764272248,34.42165599869188,-19.090536234419638,0.5873332038106729,0.0830452486903219,20.502209000706934
ASASSN-15re,---,2015-10-13.30,20:48:7.78,16:23:1.3,0.03031,16.9,999.0,16.2,999.0,2.14,Ia,-9,CGCG 448-007,Yes,61.92862961849355,-16.71360745789573,16.00276985061751,35.61642851845544,-19.61365866783793,0.5841816251470013,0.1656684150033768,10.33266597647767
ASASSN-15rq,---,2015-10-21.00,0:8:3.14,-36:33:51.8,0.024,16.1,999.0,15.4,999.0,5.34,Ia,-6,GALEXASC J000802.78-363348.1,Yes,344.4890930186786,-76.83009264635967,15.36529255399131,35.09935200699404,-19.73405945300273,0.6221936386314505,0.19383591317050888,8.29163524465508
ASASSN-15rw,---,2015-10-24.49,2:15:58.45,12:14:13.6,0.0189,16.2,999.0,15.5,999.0,1.56,Ia,-9,GALEXASC J021558.44+121415.2,Yes,153.1782133209492,-45.61174392782159,15.12949772174147,34.57228913980041,-19.44279141805894,0.6238981696004304,0.13262331221673693,12.085549972189453
ASASSN-15sb,---,2015-10-23.34,6:0:48.09,-15:23:57.3,0.02271,16.5,999.0,16.3,999.0,0.21,Ia,---,2MFGC 4848,Yes,221.3965514630769,-18.00633112880302,15.434140655775058,34.97728396242108,-19.543143306646023,0.6151296024513815,0.15117628011382384,10.753496986895678
ASASSN-15sf,---,2015-10-30.09,0:11:27.6,-6:25:38.4,0.027,16.4,999.0,15.9,999.0,12.53,Ia,-4,GALEXASC J001127.51-062549.8,Yes,96.47864224179682,-67.22279091580576,15.81843833522969,35.35997725034802,-19.541538915118327,0.5940056471739728,0.1508615714547677,11.15914186975589
ASASSN-15sh,---,2015-11-02.01,19:32:7.01,-62:26:30.0,0.031,16.4,999.0,16.1,999.0,19.22,Ia-91T,7,2MASX J19320827-6226340,Yes,334.1374770203824,-28.48634509751528,15.949713895618718,35.666417314094595,-19.71670341847588,0.5892373259628688,0.18947839833178903,8.95674159959876
ASASSN-15so,---,2015-11-08.62,11:14:11.04,48:19:7.2,0.00713,15.1,999.0,13.8,999.0,1.5,Ia,---,NGC 3583,Yes,158.11563353147912,61.62942688950903,13.7602733073328,32.43599690079533,-18.67572359346253,0.6237084830670281,0.047606700829001404,33.678307922414184
ASASSN-15sx,---,2015-11-19.21,0:12:14.37,-27:11:35.3,0.03481,16.5,999.0,16.3,999.0,11.8,Ia,-2,ESO 472-G018,Yes,30.2655554683811,-81.28298082762167,16.24747167117549,35.92423805768778,-19.67676638651229,0.5668676249904832,0.1798459926868602,9.808838418283617
ASASSN-15tb,---,2015-11-23.65,12:40:58.19,-6:41:34.9,0.02461,16.5,999.0,16.2,999.0,15.99,Ia,-4,LCRS B123822.1-062502,Yes,298.2701812242885,56.08393953375032,16.133625198490087,35.15484433212573,-19.02121913363564,0.5355467236692454,0.07567543105333475,24.67446414234654
ASASSN-15tg,---,2015-11-30.21,0:20:41.06,25:13:44.6,0.03561,16.7,999.0,16.4,999.0,8.63,Ia-91T,-8,GALEXASC J002041.66+251341.1,Yes,114.2018462241945,-37.12082294213909,16.329452976820335,35.97485625488878,-19.645403278068443,0.5595098585287721,0.17264735603278591,10.352192162562368
ASASSN-15ti,---,2015-12-01.38,3:5:8.62,37:54:0.7,0.016,16.5,999.0,15.8,999.0,23.88,Ia,-2,2MASX J03051061+3754003,Yes,150.09863171636735,-17.81880612865757,15.39519410497224,34.20582367644481,-18.810629571472568,0.572854987659035,0.057030426556511984,30.60896758216339
ASASSN-15tj,---,2015-12-03.54,7:55:28.67,52:9:28.4,0.0222699999999999,16.5,999.0,15.6,999.0,19.79,Ia,-10,SDSS J075527.63+520911.1,Yes,166.23617641952438,30.70919421952706,15.474933888329822,34.93408304046916,-19.45914915213934,0.608884301231281,0.13549753743234172,12.12087076839374
ASASSN-15tn,---,2015-12-06.28,23:10:11.42,30:34:46.5,0.023,16.1,999.0,16.0,999.0,4.81,Ia,-1,CGCG 496-051,Yes,98.43084183149443,-27.43071769855842,15.827777895418883,35.00530934949225,-19.177531454073367,0.5677368157929066,0.09329629020169,18.87941649167235
ASASSN-15ub,---,2015-12-14.55,11:7:13.07,65:5:58.2,0.03205,16.5,999.0,16.4,999.0,5.73,Ia,-2,CGCG 314-006,Yes,139.17493887919653,48.61094827379835,16.361546848964434,35.74043601371979,-19.378889164755357,0.5437657239216593,0.12192610031140175,15.083130477370162
ASASSN-15uh,---,2015-12-18.50,9:30:13.69,69:7:2.5,0.0135,16.5,999.0,15.3,999.0,9.4,Ia-91T,-11,KUG 0925+693,Yes,143.582841494602,38.951631405810986,14.898859064844624,33.83277599298052,-18.9339169281359,0.5959326419214687,0.0673025453550935,24.93281624434174
ASASSN-15up,---,2015-12-29.20,4:25:39.26,-49:46:19.5,0.038,16.6,999.0,16.4,999.0,7.88,Ia,-4,GALEXASC J042539.92-494621.0,Yes,257.0942897536999,-43.597775044891335,16.378464123904216,36.119724865853954,-19.741260741949738,0.5561375776489557,0.19567553020546508,9.1892748165809
ASASSN-15uq,---,2015-12-29.21,7:9:58.68,-65:7:56.9,0.02,16.4,999.0,16.0,999.0,5.3,Ia,-5,Uncatalogued,Yes,275.94162655425407,-22.54834919479708,15.694062677980812,34.696928940024044,-19.002866262043234,0.5636438034698942,0.07383419736615744,24.029111077986588
ASASSN-15us,---,2015-12-29.03,22:9:9.64,-47:8:2.5,0.00584,14.6,999.0,14.0,999.0,136.8,Ia-06bt,-2,NGC 7213,Yes,349.64905354757803,-52.57229672961078,13.958645029840326,32.00046328156102,-18.04181825172069,0.6162161472119777,0.02031385582983099,79.88671441113719
ASASSN-15uu,---,2015-12-29.34,1:43:56.57,17:3:44.4,0.0268,16.8,999.0,16.5,999.0,1.61,Ia,-2,VV 790a,Yes,140.50142089397005,-44.0108923456338,16.31867593630841,35.34350888793795,-19.02483295162954,0.5201896706215047,0.07604325612052819,25.280029187378307
ASASSN-15uv,---,2015-12-31.38,8:27:8.13,27:48:41.7,0.02033,16.5,999.0,16.1,999.0,4.16,Ia,---,2MASX J08270817+2748382,Yes,195.6406505454497,32.138867781648,16.01221219675522,34.73300494172999,-18.72079274497477,0.5366999604170684,0.050562860311207616,36.84994152091091
ASASSN-16aa,2016A,2016-01-02.42,08:09:14.55,+00:16:50.6,0.01738,16.8,999.0,16.4,999.0,7.99,Ia,-4,UGC 4251,Yes,221.82155696383444,17.373489409322346,16.275775985160386,34.387738520236425,-18.11196253507604,0.5117086361451672,0.022330884437803518,87.51274958252654
ASASSN-16ad,2016F,2016-01-09.28,01:39:32.05,+33:49:36.3,0.01614,16.2,999.0,15.1,999.0,13.99,Ia,---,KUG 0136+335,Yes,134.2337797437267,-27.987277343822083,14.96760000558685,34.22497149818403,-19.257371492597184,0.6160953522553204,0.10378020176110453,15.640029099960671
ASASSN-16aj,2016K,2016-01-14.21,04:21:48.21,-15:45:19.3,0.03075,17.0,999.0,14.1,999.0,8.95,Ia,-2,NGC 1562,Yes,211.06326705099696,-40.10303172261354,14.015361875857618,35.6484323977249,-21.633070521867285,0.6682569078220002,2.0039500107495765,0.7467404196655677
ASASSN-16ar,2016Z,2016-01-17.21,04:28:30.83,-17:39:23.4,0.03108,17.0,999.0,16.5,999.0,0.14,Ia,1,2MASX J04283087-1739233,Yes,214.1317276654249,-39.313007606070656,16.40075797140352,35.67214251986473,-19.271384548461207,0.5314064015854859,0.10573368488645228,17.797534777824684
ASASSN-16av,2016ac,2016-01-18.44,11:51:28.24,+22:01:33.7,0.02567,16.5,999.0,16.0,999.0,0.26,Ia,-7,NGC 3926,Yes,230.20049337454915,75.45618159680414,15.927263680684202,35.248134640564686,-19.320870959880484,0.5730262662485751,0.11291685974197081,15.454917059796486
ASASSN-16aw,2016yr,2016-01-29.27,05:39:57.45,-40:30:57.9,0.03728,17.0,999.0,16.3,999.0,61.53,Ia,-1,ESO 306-G 016,Yes,246.0399313521576,-30.25527686869973,16.22200803370044,36.07703986418775,-19.855031830487317,0.5685424124641101,0.22738848453100982,7.735148660734049
ASASSN-16ax,2016ag,2016-01-26.23,01:31:23.18,+60:19:13.7,0.0187,16.0,999.0,15.7,999.0,2.24,Ia,-5,2MASX J01312331+6019128,Yes,127.8616253545282,-2.1683488196925627,14.22520561922478,34.54886077712218,-20.3236551578974,0.6481067031280456,0.42650843080706136,3.6176443272422594
ASASSN-16ay,2016ys,2016-01-28.41,07:12:14.35,+07:14:23.2,0.0283399999999999,16.7,999.0,16.3,999.0,14.02,Ia,-2,UGC 3738,Yes,208.8122293864692,7.902492356536501,16.11776121230279,35.46732274918948,-19.34956153688669,0.5617081682671154,0.11729076098734119,15.178381229217537
ASASSN-16az,2016za,2016-01-29.38,11:30:33.73,-42:33:31.4,0.0340699999999999,16.9,999.0,16.4,999.0,4.69,Ia,9,2MASX J11303364-4233359,Yes,287.4184823771864,17.863661164063682,16.17502902488824,35.87639471972945,-19.701365694841208,0.5728738600309176,0.18571527842910399,9.399253444070498
ASASSN-16bb,2016zc,2016-01-31.60,14:05:57.10,+43:53:02.2,0.03375,16.6,999.0,16.2,999.0,5.78,Ia-91T,-7,SDSS J140557.36+435257.2,Yes,85.93076241240661,67.5085898107686,16.184332684268448,35.855390589956706,-19.671057905688254,0.5718307249120115,0.17851245498818838,9.796343180765856
ASASSN-16bc,2016zd,2016-02-02.28,12:05:25.83,-21:24:01.2,0.0319399999999999,17.0,999.0,16.4,999.0,14.48,Ia,-10,2MASX J12052488-2123572,Yes,288.86208309332955,40.21112888457841,16.25327876569557,35.73279379136282,-19.47951502566725,0.5598290776692467,0.1391557486757423,12.836404547137615
ASASSN-16bn,2016adn,2016-02-09.24,03:10:34.50,+04:16:10.9,0.02317,15.9,999.0,15.7,999.0,43.77,Ia,-2,2MASX J03103162+0416184,Yes,175.23041732454425,-44.02523913436002,15.232796615129669,35.02157686333112,-19.78878024820145,0.6281757351822579,0.2082981722314182,7.6424636923352915
ASASSN-16bp,2016adq,2016-02-09.61,14:06:44.37,+71:53:15.3,0.03419,16.7,999.0,16.0,999.0,11.96,Ia,8,CGCG 336-041,Yes,114.90884562695864,44.04873618307614,15.9516108917496,35.88422162468157,-19.932610732931973,0.5866958004370547,0.2521629572773729,6.759362396858403
ASASSN-16bq,2016aew,2016-02-12.52,14:11:26.49,+01:17:09.5,0.0204,17.3,999.0,15.4,999.0,4.38,Ia,-1,IC 986,Yes,342.8709384526928,57.81506653409396,15.296425587155582,34.74058320387175,-19.44415761671617,0.6164904155443292,0.13286120649889505,12.208870270068426
ASASSN-16br,2016aex,2016-02-12.56,15:45:30.26,-13:09:08.0,0.02852,16.8,999.0,16.5,999.0,4.4,Ia,-6,2MASX J15453055-1309057,Yes,354.8976203409469,31.64895566398405,16.07406101081588,35.48136163555242,-19.40730062473654,0.5692402616888229,0.1265793298608369,13.878470233700002
ASASSN-16bv,2016aix,2016-02-16.04,01:44:16.85,-41:53:37.0,0.0273,16.5,999.0,15.9,999.0,2.21,Ia-91T,-8,LCRS B014209.4-420839,Yes,270.11946437733405,-71.70364958803236,15.85919916829607,35.38445675501074,-19.525257586714662,0.590767425449403,0.14770316767394473,11.460238346405763
ASASSN-16bx,2016ajk,2016-02-18.65,19:19:26.49,+52:19:41.6,0.0266199999999999,16.9,999.0,16.3,999.0,13.73,Ia,9,CGCG 280-023,Yes,83.5300041573455,17.13527111316017,15.966407078996976,35.32858393198105,-19.362176852984074,0.5735982251140296,0.119264035357608,14.61782308169311
ASASSN-16ci,2016arc,2016-02-26.24,03:19:21.32,+41:29:25.6,0.01273,16.5,999.0,16.4,999.0,1.04,Ia,-6,NGC 1272,Yes,150.51601486415265,-13.32508668995188,15.969687543972151,33.703978198630466,-17.734290654658317,0.5342256040401294,0.013390795083024473,139.78769284905604
ASASSN-16cm,2016arq,2016-03-04.38,15:19:26.89,-00:55:29.7,0.02972,17.0,999.0,16.2,999.0,3.7,Ia,-3,2MASX J15192684-0055256,Yes,0.7649899638912349,44.69228189109371,16.0393272587946,35.57279283714519,-19.533465578350587,0.5789544827525374,0.149287471951178,11.569969532984127
ASASSN-16cs,2016asf,2016-03-06.34,06:50:36.73,+31:06:44.6,0.0113,17.2,999.0,15.8,999.0,16.29,Ia,-12,KUG 0647+311,Yes,184.61684728335507,13.466093704080782,15.442902013931343,33.44286419784953,-17.999962183918186,0.5657770098477417,0.01919683944413139,92.07144757507604
ASASSN-16cu,2016aue,2016-03-06.38,18:35:56.75,-63:22:26.1,0.01113,16.9,999.0,15.8,999.0,10.44,Ia,47,IC 4723,Yes,331.8495600485454,-22.376151428692403,15.544307586675515,33.40966641200078,-17.865358825325266,0.5601661954043654,0.015995743405864665,111.60372092852616
ASASSN-16dn,2016blc,2016-03-30.19,10:48:49.32,-20:15:50.3,0.012,16.3,999.0,14.7,999.0,11.57,Ia,-6,GALEXASC J104848.62-201544.1,Yes,267.6602812319821,34.07710866497979,14.596887570993266,33.574536133524084,-18.977648562530817,0.6079298751736393,0.07137575875550665,23.04601158001595
ASASSN-16dp,2016bli,2016-03-31.47,14:59:42.13,+04:05:08.1,0.0326399999999999,16.8,999.0,16.4,999.0,10.0,Ia,5,SDSS J145942.12+040518.1,Yes,1.627433695440011,51.70024202459096,16.273013335905638,35.78099339437064,-19.507980058465,0.5596971051826104,0.1444196810746154,12.371448674433346
ASASSN-16dw,2016blj,2016-04-03.29,13:30:00.82,-27:58:26.0,0.03466,16.9,999.0,16.3,999.0,6.22,Ia,0,2MASX J13300119-2758297,Yes,313.2274978475172,34.12548874233076,16.162890056713742,35.91462085873605,-19.75173080202231,0.57398617957693,0.1983838971140422,8.781973999786214
ASASSN-16dx,2016blk,2016-04-02.98,03:22:12.85,-44:05:40.7,0.02997,16.3,999.0,16.1,999.0,1.73,Ia,---,APMUKS(BJ) B032028.93-441621.0,Yes,252.28916914306672,-55.39335396006116,16.067213980253243,35.59138517930395,-19.524171199050706,0.5765343414475023,0.14749466870493125,11.759761015073645
ASASSN-16em,2016bmh,2016-04-14.41,13:32:14.20,+84:40:42.3,0.0234,17.0,999.0,15.8,999.0,1.58,Ia,-1,GALEXASC J133213.24+844042.7,Yes,121.81784994892602,32.36131042447297,15.438649824528486,35.04339999385067,-19.604750169322184,0.6169353087208439,0.16376287244197874,9.897942486552076
ASASSN-16eo,2016bro,2016-04-03.09,05:43:12.78,-41:31:15.7,0.037,17.0,999.0,16.3,999.0,0.1,Ia,9,Uncatalogued,Yes,247.3169898915882,-29.84894482438128,16.19160276986411,36.060222766070815,-19.868619996206704,0.5707258549621631,0.23153232228388373,7.567646286568569
ASASSN-16eq,2016bsa,2016-04-22.62,22:04:35.79,+42:19:32.3,0.01431,16.4,999.0,15.7,999.0,7.02,Ia,-4,UGC 11898,Yes,92.89979181396347,-10.612815770479124,14.853491378536171,33.96064076016065,-19.10714938162448,0.6077988089074157,0.08491369259576748,19.37592425812274
ASASSN-16es,2016cbx,2016-04-27.39,11:50:54.57,+02:18:24.8,0.0289999999999999,16.9,999.0,16.5,999.0,3.82,Ia,-1,SDSS J115054.45+021828.1,Yes,270.08402556097843,61.257182080783245,16.431900771513558,35.518378339048226,-19.08647756753467,0.5133395193432293,0.0825949466489481,23.585322735130674
ASASSN-16fa,2016cct,2016-05-12.36,11:25:35.74,+32:19:17.5,0.03433,16.9,999.0,16.5,999.0,18.16,Ia,-2,UGC 6434,Yes,192.16648680913625,70.69152533016292,16.43291553426603,35.89331917564992,-19.46040364138389,0.5427438262063475,0.13572030647532235,13.57563886017693
ASASSN-16fc,2016cda,2016-05-15.35,15:31:51.24,+37:24:47.9,0.0298,17.6,999.0,16.2,999.0,2.87,Ia,-3,SDSS J153151.40+372445.8,Yes,60.1981281945473,54.85760582851331,16.157259108128756,35.578758996999355,-19.4214998888706,0.5639164894169094,0.1289662033574635,13.750208742633097
ASASSN-16fd,2016cdb,2016-05-15.38,22:21:29.33,-22:15:46.0,0.02391,16.3,999.0,16.2,999.0,7.3,Ia,3,2MASX J22212881-2215454,Yes,32.69491398739458,-55.72097360143551,16.11545501024239,35.09104746989337,-18.97559245965098,0.5346303501126652,0.07117889961038157,26.2781701851028
ASASSN-16fg,2016cky,2016-05-16.31,00:05:16.12,-16:29:33.0,0.02489,16.5,999.0,16.2,999.0,2.91,Ia,3,2MASX J00051603-1629348,Yes,75.41833176891676,-74.91985043010087,16.135105075703578,35.17986509026316,-19.044760014559586,0.5368215116973292,0.07810323965132107,23.850695119035013
ASASSN-16fh,2016ckz,2016-05-15.42,00:02:05.60,-26:58:48.3,0.0335,16.3,999.0,16.1,999.0,2.91,Ia,---,2MASXi J0002057-265846,Yes,30.88755785208704,-79.01712590622539,16.062780766535482,35.83884530127487,-19.77606453473939,0.5813628385775784,0.20483636104111336,8.397416235026816
ASASSN-16fj,2016cmn,2016-05-20.54,18:30:02.38,+39:57:54.3,0.01831,16.3,999.0,15.8,999.0,3.96,Ia,-5,IC 1289,Yes,68.17043935920283,20.88436374246116,15.635900790349302,34.502455809109044,-18.86655501875974,0.5618427367302855,0.06147773004646342,28.951255731303245
ASASSN-16fl,2016cnx,2016-05-25.05,10:06:54.45,-15:43:00.7,0.0294399999999999,16.4,999.0,15.7,999.0,14.4,Ia,-2,2MASX J10065350-1543022,Yes,255.00878510672507,31.449615967444764,15.547845347515707,35.55178669422473,-20.003941346709023,0.6085775115959366,0.2774725602238792,5.921940758534898
ASASSN-16fn,2016coa,2016-05-26.21,12:56:58.89,-15:32:10.5,0.0212,16.2,999.0,15.3,999.0,0.8,Ia,-8,Uncatalogued,Yes,304.90159720852137,47.314295468490606,15.139993716740566,34.82541733180697,-19.6854236150664,0.6322427302788431,0.1818886529951696,8.695820148695981
ASASSN-16fo,2016cob,2016-05-26.23,13:32:35.81,-05:16:21.3,0.02961,16.8,999.0,16.1,999.0,0.58,Ia-91T,-5,2MASX J13323577-0516218,Yes,321.53171549996927,56.10562708915609,16.01749043641999,35.56456363480179,-19.547073198381803,0.5810597921918237,0.15194982611929142,11.326062872292349
ASASSN-16fv,2016cqz,2016-06-06.28,18:28:10.44,-71:41:38.8,0.01197,15.6,999.0,14.8,999.0,0.85,Ia,-2,IC 4705,Yes,322.91160206861394,-23.86490236467954,14.52968781467183,33.56905105453842,-19.03936323986659,0.6136393756623635,0.07753999168626524,21.01653089217444
ASASSN-16gm,2016cyh,2016-06-24.31,20:03:49.23,-60:15:20.4,0.036,16.5,999.0,16.3,999.0,9.26,Ia,-6,GALEXASC J200348.67-601528.7,Yes,336.8069754621973,-32.21206032384444,16.197336885768905,35.99913159245395,-19.801794706685044,0.5710946366415987,0.2119069813256099,8.26316935061702
ASASSN-16gq,2016cym,2016-06-27.19,14:11:36.10,-30:23:53.1,0.02314,16.7,999.0,15.7,999.0,13.8,Ia,3,ESO 446-G023,Yes,322.7583614773448,29.368824297074816,15.507092602169054,35.01871467393932,-19.51162207177027,0.6101080772880707,0.14510613168082173,11.295552038329346
ASASSN-16gz,2016cyz,2016-07-06.42,04:34:27.55,-21:12:55.1,0.032,16.6,999.0,16.5,999.0,6.8,Ia,7,APMUKS(BJ) B043218.28-211910.3,Yes,219.06890381366765,-39.18954335292496,16.408214274785262,35.73696546133398,-19.32875118654872,0.5354702126063935,0.11410261767759473,16.36699973682279
ASASSN-16ha,2016cza,2016-07-07.37,01:03:30.28,-47:01:27.5,0.02253,16.3,999.0,16.2,999.0,13.74,Ia,5,FAIRALL 673,Yes,296.9217334402777,-69.9628807017112,16.16650395038828,34.95971125921841,-18.79320730883013,0.5256186155901025,0.05571302685579744,34.14856889561401
ASASSN-16hc,2016czc,2016-07-07.31,13:59:04.45,+33:08:20.3,0.05097,17.4,999.0,16.5,999.0,6.95,Ia-91T,-5,2MASX J13590394+3308172,Yes,59.39312600628586,74.21395382233978,16.484627189461364,36.77782966209962,-20.293202472638256,0.5330939457222047,0.40948988727567975,4.580923811018249
ASASSN-16hd,2016czq,2016-07-08.59,01:50:51.84,+22:33:58.8,0.0289999999999999,16.8,999.0,16.5,999.0,9.96,Ia,6,GALEXASC J015051.89+223348.8,Yes,140.48464467120118,-38.271475850475305,16.261600771513557,35.518378339048226,-19.25677756753467,0.5426666646785904,0.10369817474780864,17.77034025897127
ASASSN-16hh,2016daj,2016-07-17.54,02:04:37.41,+21:35:09.8,0.032,16.9,999.0,16.5,999.0,24.2,Ia,-2,MCG +03-06-031,Yes,144.7277867626065,-38.16851333127836,16.16551427478526,35.73696546133398,-19.57145118654872,0.570981574006027,0.15683538383468665,11.166931584328635
ASASSN-16hp,2016eiy,2016-07-26.08,13:34:38.72,-23:40:53.3,0.00866,16.2,999.0,14.2,999.0,9.36,Ia,---,ESO 509-IG064,Yes,315.534829098242,38.13060545608752,13.863756540020686,32.86068365248104,-18.996927112460355,0.6290636423902966,0.07324781905213557,21.702547559040866
ASASSN-16hw,2016ekt,2016-07-29.34,21:53:27.96,-34:24:21.6,0.012,14.9,999.0,14.6,999.0,0.11,Ia,-5,GALEXASC J215327.92-342420.8,Yes,10.854360461758356,-51.39351830682829,14.531187570993266,33.574536133524084,-19.043348562530817,0.6138605161103255,0.07795554299421421,20.89696902018717
ASASSN-16hz,2016eqb,2016-08-01.35,23:15:45.48,-01:20:22.7,0.02531,16.8,999.0,16.0,999.0,9.31,Ia,-6,2MASX J23154564-0120135,Yes,77.25621273848162,-55.48596413842265,15.903549965077405,35.216882499335924,-19.31333253425852,0.5739903698184815,0.11179345557740754,15.584002650403018
ASASSN-16ic,2016eqw,2016-08-06.22,01:14:15.48,-16:24:56.4,0.047,16.8,999.0,16.2,999.0,1.64,Ia,---,GALEXASC J011415.49-162456.4,Yes,150.36276798635032,-78.05409117750234,16.153628473460024,36.59552713411429,-20.441898660654267,0.5578544920536844,0.4989871744995952,3.592441315306305
ASASSN-16if,2016esn,2016-08-07.40,05:58:58.73,-52:26:18.5,0.03202,16.7,999.0,16.2,999.0,57.97,Ia,---,AM 0557-522 NED03,Yes,260.1883726814906,-28.983877061723025,16.038727258224345,35.73835431823804,-19.699627060013693,0.5829891133104483,0.18529379238125335,9.257179503402401
ASASSN-16ip,2016euj,2016-08-09.21,02:27:21.79,-23:55:43.4,0.012,16.3,999.0,15.1,999.0,0.6,Ia,-5,ESO 479-G007,Yes,209.87575725354,-68.15884230814214,15.046687570993267,33.574536133524084,-18.527848562530817,0.5863295321749876,0.039083004828438586,43.6385472704523
ASASSN-16iq,2016evh,2016-08-09.32,23:55:07.75,-31:34:38.7,0.0286,16.6,999.0,14.9,999.0,1.94,Ia,-5,ESO 471-G041,Yes,9.631953259515385,-76.9609917777149,14.854704722413135,35.48757328633507,-20.63286856392193,0.6219869837086629,0.639521564670918,2.5139897936737143
ASASSN-16jc,2016fej,2016-08-22.17,20:40:39.88,-54:18:39.0,0.01091,17.0,999.0,14.0,999.0,33.18,Ia,-4,NGC 6942,Yes,343.71957385637853,-37.48369602518496,13.87221394165049,33.365950086716005,-19.493736145065515,0.6706587706446184,0.14176339071087474,10.518027435874652
ASASSN-16je,2016fez,2016-08-21.33,17:05:49.02,+69:50:54.6,0.0394,16.9,999.0,16.5,999.0,6.8,Ia,---,2MASX J17055033+6950555,Yes,100.98210580297123,34.362219058036295,16.42503615915067,36.20051393449174,-19.775477775341063,0.5518203295764742,0.2046781279523882,8.853823652917583
ASASSN-16jf,2016fff,2016-08-23.25,22:36:59.14,-25:13:55.6,0.01144,15.5,999.0,14.9,999.0,54.5,Ia,-2,UGCA 430,Yes,28.833602335587145,-59.86447533716632,14.835897443401432,33.4698337828272,-18.63393633942577,0.5937641688930846,0.04502385925077343,37.406174510869874
ASASSN-16jq,2016fob,2016-08-30.41,08:05:09.12,-22:35:59.2,0.024,16.1,999.0,16.1,999.0,7.01,Ia,-1,CGMW 2-2125,Yes,241.4084209265193,4.847818354213733,15.52119255399131,35.09935200699404,-19.578159453002726,0.6120193646568745,0.15820681652620847,10.327843411950607
ASASSN-16ke,2016gcl,2016-09-08.36,23:37:56.62,+27:16:37.7,0.0279999999999999,17.0,999.0,16.2,999.0,3.09,Ia-91T,-7,AGC 331536,Yes,103.46260666854772,-32.80090026715704,16.00576626867722,35.44056472662131,-19.43479845794409,0.5760043549391703,0.13123934765170017,13.228486853462437
ASASSN-16km,2016ggb,2016-09-12.34,01:53:12.58,-49:33:37.2,0.02059,16.3,999.0,15.9,999.0,0.22,Ia,0,ESO 197-G010,Yes,279.16731832624583,-64.62069740311547,15.844250468038512,34.76102433292636,-18.91677386488785,0.5511378240100301,0.0657696398417452,27.58762532796644
ASASSN-16kz,2016gsb,2016-09-29.28,06:04:28.24,-20:20:24.5,0.00965,15.9,999.0,14.4,999.0,50.18,Ia,-1,ESO 555-G029,Yes,226.54679391515737,-19.166688882056288,14.218080623607884,33.0973744268894,-18.87929380328152,0.6151542757541759,0.06253898727473695,25.993520828792818
ASASSN-16la,2016gsn,2016-09-29.46,02:29:17.43,+18:05:16.4,0.0164,16.3,999.0,15.2,999.0,3.23,Ia,-7,2MASXi J0229172+180515,Yes,153.3353228352289,-38.93854493316813,14.636188705656886,34.26010025805217,-19.623911552395285,0.6516017259596997,0.16788983415187175,9.140992948232606
ASASSN-16lc,2016gtr,2016-09-30.01,19:29:00.51,-51:58:15.7,0.0161,16.0,999.0,15.6,999.0,9.11,Ia,-3,GALEXASC J192901.47-515813.5,Yes,345.7827418361801,-26.65761874663524,15.46389878013405,34.21951749321964,-18.75561871308559,0.5689848660706588,0.05297578961957805,33.17583375900244
ASASSN-16lg,2016gye,2016-10-06.20,17:48:12.24,+17:37:31.2,0.0211699999999999,16.2,999.0,15.9,999.0,0.44,Ia,-6,ARK 530,Yes,42.28823111929663,21.6625470844257,15.690788117220189,34.82229338263712,-19.131505265416934,0.5722340492863396,0.08772764733219571,19.920022358313876
ASASSN-16lx,2016hht,2016-10-19.62,10:24:05.31,+16:44:27.8,0.0186,15.5,999.0,15.4,999.0,47.12,Ia,-4,IC 607,Yes,222.1442842498516,54.43426144039669,15.286886813580224,34.53705374222953,-19.250166928649307,0.6019879014484844,0.10278936936898152,16.160843899817834
ASASSN-16lz,2016hko,2016-10-25.25,06:05:51.16,-50:46:50.3,0.04,16.8,999.0,16.5,999.0,2.3,Ia,-6,Uncatalogued,Yes,258.5132611998501,-27.67510166327565,16.392095363993718,36.23428537105012,-19.8421900070564,0.5543034879242874,0.2235455122781734,8.070239675413204
ASASSN-16mc,2016hmo,2016-10-21.16,19:58:41.31,-52:21:23.6,0.01891,16.8,999.0,16.0,999.0,0.3,Ia,7,ESO 233-IG014,Yes,346.05914968505607,-31.216957112088263,15.887498025863165,34.57345412936088,-18.68595610349772,0.5450004848080584,0.048261935753442946,38.01879730815983
ASASSN-16mj,2016hpe,2016-10-28.62,09:21:19.03,+17:01:58.4,0.0279999999999999,16.4,999.0,16.4,999.0,1.39,Ia-91T,-4,SDSS J092119.07+170159.5,Yes,213.27405757225816,40.63493379036131,16.323966268677218,35.44056472662131,-19.116598457944093,0.5258970738247314,0.08599473502753559,22.111967277768294
ASASSN-16mt,2016hsx,2016-11-03.42,01:00:41.50,-00:26:40.7,0.0436,17.3,999.0,15.9,999.0,0.3,Ia,---,2MASX J01004149-0026406,Yes,128.07249488838238,-63.22398652434502,15.818680174840342,36.42711598951283,-20.60843581467249,0.5783399977921885,0.619808914182362,2.7897093175704235
ASASSN-16mv,2016huh,2016-11-04.27,08:57:05.21,-20:02:05.8,0.01856,16.8,999.0,16.4,999.0,19.0,Ia,-4,ESO 563-G035,Yes,246.3066195508092,16.2343553394538,15.935592173870084,34.532313384503134,-18.59672121063305,0.5417997380204694,0.04284359946684571,43.07995676245808
ASASSN-16nm,2016ijc,2016-11-23.09,21:25:52.16,-37:24:14.3,0.03069,16.7,999.0,16.3,999.0,19.78,Ia,6,2MASX J21255058-3724071,Yes,6.056852838429778,-45.89998312342135,16.091323792361926,35.64409472602997,-19.552770933668043,0.5759389927663465,0.15307816868926366,11.342538431495933
ASASSN-16no,2016ins,2016-11-26.59,08:07:27.35,+25:07:47.5,0.02071,16.8,999.0,16.4,999.0,15.34,Ia,-4,IC 493,Yes,197.05163953640653,27.131154722600872,16.295859367101535,34.77383898644817,-18.477979619346637,0.5133472831087491,0.036562132800413004,53.27914052586655
ASASSN-16np,2016inu,2016-11-14.65,12:36:43.21,+26:06:48.7,0.02084,15.9,999.0,15.8,999.0,3.26,Ia,0,SDSS J123643.42+260647.1,Yes,229.2457592148409,86.55784063278139,15.75586386964115,34.78763924270133,-19.03177537306018,0.5616967220938162,0.07675480749904905,23.194901027098158
ASASSN-16ok,2016irt,2016-12-05.04,00:53:29.43,-36:21:54.6,0.037,17.3,999.0,15.7,999.0,6.66,Ia,-6,GALEXASC J005328.92-362154.1,Yes,300.3596583951246,-80.75283193922958,15.66830276986411,36.060222766070815,-20.391919996206703,0.5895451431287202,0.46707723530555034,3.631568440230572
ASASSN-16ol,2016iru,2016-12-04.07,01:10:02.38,-70:20:56.5,0.03,17.0,999.0,15.6,999.0,10.87,Ia,-11,GALEXASC J011003.70-702046.4,Yes,300.65362825830414,-46.69685039835243,15.53643199255705,35.59360604664016,-20.057174054083116,0.6075140984837104,0.29807326625142894,5.522307837657452
ASASSN-16oo,2016isq,2016-12-06.09,01:41:18.71,-00:12:36.9,0.05546,16.9,999.0,16.5,999.0,2.4,Ia,6,2MASX J01411858-0012382,Yes,148.9677816356766,-60.53601338570206,16.44867941810186,36.96814611737999,-20.519466699278126,0.532231338566447,0.552401305758809,3.401299385732662
ASASSN-16oq,2016ito,2016-12-08.36,12:31:09.15,-35:55:50.5,0.01992,15.4,999.0,15.2,999.0,8.93,Ia,6,AM 1228-353 NED02,Yes,298.33403885733327,26.759886532855592,15.036145576648662,34.6880949051106,-19.65194932846194,0.6363153787691537,0.17412430911900226,9.025435650716227
ASASSN-16oz,2016iyv,2016-12-20.11,09:00:13.38,-13:38:02.2,0.031,16.8,999.0,16.2,999.0,2.95,Ia-91T,-4,GALEXASC J090013.19-133803.5,Yes,241.398584282851,20.69288127537734,16.058213895618714,35.666417314094595,-19.60820341847588,0.5801091257724025,0.164498842848917,10.479183739532816
ASASSN-16pa,2016izf,2016-12-21.15,00:33:14.11,-84:29:20.1,0.034,17.0,999.0,16.4,999.0,9.7,Ia,-6,Uncatalogued,Yes,303.4502799907374,-32.621004060256325,15.971584254851516,35.87181658144771,-19.9002323265962,0.5860787257046248,0.2414894478385926,7.065548542103637
ASASSN-16pb,2016izq,2016-12-22.59,07:53:12.80,+12:53:56.0,0.02978,16.4,999.0,16.3,999.0,7.53,Ia,-5,CGCG 058-057,Yes,208.04633025888143,19.43928347802852,16.224449988089336,35.57726892888157,-19.35281894079224,0.5535475612157638,0.11779732292671737,15.335913049141666
ASASSN-16pd,2016jab,2016-12-23.22,07:05:26.26,-76:00:35.7,0.0215,16.4,999.0,15.8,999.0,2.71,Ia,-4,PGC 241921,Yes,287.4354482595569,-25.42462725217804,15.336422772661592,34.85641955458833,-19.519996781926736,0.6188226009994244,0.1466960869883226,11.015781261418555
ASASSN-16pk,2016jdl,2016-12-29.55,12:27:39.91,+40:36:53.4,0.02328,16.8,999.0,16.4,999.0,2.09,Ia,-1,SDSS J122739.96+403651.3,Yes,141.41947125147266,75.64849311075633,16.360017776086654,35.032040465498746,-18.67202268941209,0.5075833526370626,0.04737196407710667,41.58830676359094
ASASSN-16pl,2016jdv,2016-12-29.61,14:14:31.63,+03:11:20.3,0.02693,16.6,999.0,16.4,999.0,7.88,Ia,-1,IC 988,Yes,346.2010629611636,58.89409225926505,16.316418244978028,35.35422697825884,-19.037808733280816,0.5211713399181067,0.07737849315841512,24.79700369340316
ASASSN-17ac,2017ad,2017-01-04.36,14:34:26.01,-38:28:09.70,0.0333199999999999,16.6,999.0,16.3,999.0,6.09,Ia,-6,2MASX J14342552-3828081,Yes,324.1692877985873,20.11795211499772,16.034661778636266,35.82685782399187,-19.79219604535561,0.5832693799223417,0.2092388646068558,8.193858644915549
ASASSN-17ad,2017ah,2017-01-04.55,11:10:01.95,+63:38:34.16,0.03286,17.3,999.0,15.9,999.0,3.82,Ia,-11,CGCG 314-011,Yes,140.12047212803014,49.96528046732894,15.873378506351427,35.79593327483127,-19.92255476847984,0.5919937204394109,0.2487953464678624,6.7895446245622955
ASASSN-17af,2017bc,2017-01-05.51,12:19:50.90,-06:51:20.45,0.0268699999999999,17.0,999.0,16.4,999.0,4.47,Ia,-4,MCG -01-32-001,Yes,289.11459550100443,55.1663414213178,16.299399062986062,35.349286489839834,-19.04988742685377,0.5234550024327052,0.07864209727632714,24.292127866988746
ASASSN-17aj,2017hm,2017-01-09.62,11:33:10.50,-10:13:18.37,0.02128,16.9,999.0,15.8,999.0,25.5,Ia,-13,MCG -02-30-003,Yes,273.35812296631207,48.105017006876025,15.687212574594652,34.83372662708203,-19.146514052487376,0.573584668346147,0.08950691406247178,19.478068171757965
ASASSN-17am,2017hq,2017-01-10.66,13:49:23.81,+08:30:27.62,0.03798,17.6,999.0,16.5,999.0,2.21,Ia,18,CGCG 073-079,Yes,341.989185770351,66.87598769739331,16.433150326526576,36.118549852742255,-19.68539952621568,0.5507282259082308,0.18188293506540149,9.983221583683545
ASASSN-17at,2017ln,2017-01-19.54,11:38:33.66,+25:23:50.17,0.02536,16.7,999.0,16.4,999.0,3.08,Ia,-9,2MASX J11383367+2523532,Yes,214.86978739781435,73.58460928674712,16.326059089461115,35.22124908293249,-18.895189993471373,0.5138935568617625,0.06388924024881544,30.457840197958088
ASASSN-17bh,2017po,2017-01-26.61,16:03:51.70,+39:59:24.17,0.03186,16.6,999.0,15.8,999.0,14.52,Ia,-3,CGCG 223-033,Yes,63.63526219192445,48.4487130764007,15.766533325797925,35.72721962671106,-19.96068630091314,0.5975783922628446,0.2618227202777926,6.391426275259228
ASASSN-17bo,2017wb,2017-01-28.59,11:01:19.53,+70:39:54.76,0.03,16.9,999.0,16.3,999.0,1.91,Ia,-9,2MASX J11011991+7039548,Yes,135.16286320932034,43.75448577240454,16.235831992557053,35.59360604664016,-19.35777405408311,0.5529967866770876,0.11857184039256381,15.250912575047419
ASASSN-17bq,2017xx,2017-01-27.51,07:25:38.21,+59:00:09.63,0.04,17.6,999.0,16.4,999.0,1.51,Ia,19,GALEXASC J072538.14+590010.5,Yes,157.90757646627046,27.322990602472,16.276395363993718,36.23428537105012,-19.9578900070564,0.5620936128618895,0.2608433608653489,6.820426958584926
ASASSN-17bs,2017yh,2017-01-30.66,17:52:06.13,+21:33:57.82,0.0204,16.5,999.0,15.9,999.0,13.02,Ia,-8,IC 1269,Yes,46.59679033161966,22.30333125188838,15.663825587155582,34.74058320387175,-19.07675761671617,0.5697951821339697,0.08152625691329113,21.52701056999719
ASASSN-17bu,2017yv,2017-01-31.19,10:23:40.43,-35:49:31.62,0.01558,16.6,999.0,15.2,999.0,2.83,Ia,-10,ESO 375-G018,Yes,272.1007395673133,18.050267981414407,14.975958312805956,34.147370496371856,-19.1714121835659,0.6084133858776972,0.0925365330440297,17.761842519976852
ASASSN-17cm,2017aut,2017-02-14.03,05:47:43.06,-79:12:52.88,0.01723,16.3,999.0,16.0,999.0,0.72,Ia,5,2MASX J05474279-7912525,Yes,290.9905635600952,-29.580044349566364,15.665851228315702,34.368669976342986,-18.702818748027283,0.5582390253502499,0.049361968476201494,36.29003071752871
ASASSN-17co,2017awk,2017-02-16.64,18:09:20.71,+18:17:53.47,0.01806,16.3,999.0,15.7,999.0,3.32,Ia,-5,UGC 11128,Yes,45.045882096486174,17.306577753039445,15.414180002526006,34.47219322965695,-19.058013227130942,0.581297893176892,0.07950355525583594,21.637879659921005
ASASSN-17cq,2017axl,2017-02-18.22,06:15:55.49,-55:56:51.65,0.034,16.9,999.0,16.2,999.0,0.84,Ia,-5,Uncatalogued,Yes,264.53019061020035,-27.046127404383057,16.072184254851514,35.87181658144771,-19.7996323265962,0.5805335951358009,0.21130271348744636,8.152063776702436
ASASSN-17cr,2017ayk,2017-02-20.64,16:23:49.85,+15:04:48.32,0.03442,17.0,999.0,16.4,999.0,1.0,Ia,-1,SDSS J162349.91+150448.3,Yes,30.49818219358133,39.39172963059675,16.26988895321425,35.89914848865598,-19.629259535441733,0.5642179924339625,0.16906076904470768,10.483594841464326
ASASSN-17cs,2017azw,2017-02-21.02,04:22:50.19,-82:04:11.10,0.02,16.4,999.0,16.4,999.0,6.01,Ia,---,ESO 015-G010,Yes,295.50400692795256,-31.72054655275631,16.199062677980812,34.696928940024044,-18.49786626204323,0.521962327460857,0.03754828959406095,51.02355124346371
ASASSN-17df,2017bos,2017-03-01.08,09:46:30.17,-21:34:17.72,0.0292699999999999,16.4,999.0,16.1,999.0,0.14,Ia,-1,NGC 2996,Yes,255.6694128408056,23.88192484717527,15.976798656733788,35.53893727807339,-19.562138621339603,0.5844529839456265,0.15495109787103192,11.042203892044274
ASASSN-17dh,2017cal,2017-03-07.53,17:14:24.24,+20:18:50.38,0.02076,15.9,999.0,15.4,999.0,0.42,Ia,1,NGC 6321,Yes,41.792200261093534,30.080364895930195,15.261761577532228,34.779156849413674,-19.517395271881448,0.6221642937115517,0.1462004577211209,10.993758297002639
ASASSN-17dj,2017cav,2017-03-07.58,18:06:43.90,+06:50:19.60,0.025,16.4,999.0,16.0,999.0,10.0,Ia,-1,Uncatalogued,Yes,34.003554582228254,13.036894665339975,15.347130518462166,35.189619091763724,-19.84248857330156,0.6222987646435294,0.22363406089070625,7.185601213943056
ASASSN-17ea,2017cjr,2017-03-24.28,12:42:50.67,-30:24:43.06,0.01444,16.3,999.0,14.8,999.0,8.42,Ia,-5,ESO 442-G 015,Yes,300.7369826447471,32.42316016015879,14.612762351646408,33.980492739354546,-19.367730387708136,0.638653457251578,0.12014254921252533,13.032804776084264
ASASSN-17ee,2017ckx,2017-03-28.34,07:48:11.01,+28:13:49.04,0.02768,16.8,999.0,16.3,999.0,0.22,Ia,-5,UGC 4030,Yes,192.24655011095143,24.070449105743496,16.209899005197364,35.41508809098379,-19.205189085786422,0.5426967181215395,0.09680648149940993,19.034363950683865
ASASSN-17em,2017cts,2017-04-02.46,17:03:11.76,+61:27:26.06,0.01976,17.0,999.0,15.5,999.0,18.84,Ia,-5,CGCG 299-048,Yes,90.99791037350109,36.44300261576482,15.41691077114666,34.670321435822885,-19.253410664676224,0.5962328104235746,0.10323434624756722,16.246503810449944
ASASSN-17en,2017cxy,2017-04-08.31,18:23:17.88,-43:08:32.86,0.0201,16.4,999.0,15.1,999.0,0.36,Ia,-4,ESO 280-G 013,Yes,351.05025615674066,-13.431039319708512,14.917682925511643,34.70792263601849,-19.79023971050685,0.6415633566871691,0.2086995392021917,7.468595847854943
ASASSN-17er,2017cze,2017-04-11.29,11:09:46.80,-13:22:50.38,0.01486,15.8,999.0,15.6,999.0,0.71,Ia,4,NGC 3546,Yes,268.3945365961088,42.57198685773287,15.456797872691215,34.04344251247722,-18.586644639786005,0.568950534736344,0.04227177078028084,41.57909660267588
ASASSN-17ez,2017daf,2017-04-15.53,14:34:52.70,+40:44:52.87,0.019,16.0,999.0,15.7,999.0,0.9,Ia,1,UGC 9386,Yes,72.19111039813252,64.73751657064264,15.657003048416891,34.58391177490223,-18.926908726485337,0.5624292368780996,0.06667161904457866,26.668040731655466
ASASSN-17fd,2017dfb,2017-04-19.51,15:39:05.04,+05:34:16.93,0.02596,16.5,999.0,16.0,999.0,1.94,Ia-91T,-8,ARK 481,Yes,12.223803806281806,44.70442407413413,15.804856831629218,35.272998575064705,-19.46814174343549,0.5912450260984113,0.13710184885630355,12.336421182354973
ASASSN-17ff,2017dfq,2017-04-20.25,11:03:12.91,+11:04:40.51,0.02136,16.4,999.0,15.4,999.0,4.59,Ia,-1,NGC 3506,Yes,239.9389012952821,59.9327592191604,15.344034002260674,34.84200521724681,-19.497971214986134,0.6173917907777506,0.14254849261046115,11.362568653346218
ASASSN-17fg,2017dfv,2017-04-19.91,05:00:35.82,-62:04:14.38,0.0279999999999999,16.6,999.0,16.4,999.0,13.26,Ia,---,2MASX J05003418-6204211,Yes,271.817879612082,-36.63469915265959,16.323266268677216,35.44056472662131,-19.11729845794409,0.5260129320168484,0.08607535447385847,22.086391122378206
ASASSN-17fr,2017dps,2017-05-01.28,13:36:40.00,-33:58:01.13,0.01247,15.4,999.0,14.7,999.0,12.78,Ia,-5,IC 4296,Yes,313.54176929223206,27.97124345389473,14.527915047286328,33.658738963499864,-19.130823916213537,0.620625412661742,0.08764770051929648,18.38357277786248
ASASSN-17gd,2017eax,2017-05-14.39,14:56:52.40,+09:16:16.36,0.0282,16.6,999.0,15.9,999.0,10.01,Ia,-5,UGC 9616,Yes,7.80283293610877,55.43848638314672,15.803726285969477,35.456343056146736,-19.65261677017726,0.5979605205664028,0.17427564589047104,9.59601211796039
ASASSN-17gr,2017egb,2017-05-24.31,16:08:39.59,+12:00:39.03,0.01615,16.7,999.0,15.5,999.0,0.58,Ia,-8,CGCG 079-058,Yes,24.82769949890148,41.48931265332344,15.347300220977225,34.22633291228372,-18.8790326913065,0.5764022204761984,0.06251704964464166,27.750823839817834
ASASSN-17gu,2017eip,2017-05-26.34,11:51:31.07,+15:27:25.22,0.021,17.1,999.0,16.4,999.0,3.19,Ia,-6,SDSS J115131.21+152727.5,Yes,249.8768731973741,71.8369121256884,16.307567517749504,34.80450822934146,-18.496940711591957,0.5123286782691322,0.03750183850650494,52.047368182558024
ASASSN-17hb,2017ejw,2017-05-31.42,01:12:34.20,+00:17:29.30,0.0191199999999999,16.0,999.0,15.2,999.0,10.48,Ia,---,UGC 757,Yes,134.2851801127324,-62.11355485609501,15.106820008976038,34.59777955957375,-19.490959550597715,0.6277629527629731,0.1412507969889762,11.277514929117016
ASASSN-17hk,2017enx,2017-06-06.08,10:10:52.07,-66:38:50.32,0.006,14.5,999.0,13.9,999.0,0.64,Ia,-6,ESO 092-G014,Yes,287.95488898838624,-8.566002112778639,13.351018469697376,32.05942221267719,-18.70840374297981,0.6326767835984689,0.04973194905853687,31.782102341191003
ASASSN-17ho,2017erv,2017-06-13.38,19:18:47.10,-84:41:50.03,0.01704,16.1,999.0,15.6,999.0,3.73,Ia,-9,AM 1904-844,Yes,308.87710232095367,-27.634116236323017,15.239720603032849,34.3442797740045,-19.104559170971648,0.5923753145516302,0.08461968758869522,19.949482303958888
ASASSN-17hp,2017esb,2017-06-12.16,13:09:36.02,-18:58:19.81,0.03548,16.6,999.0,16.1,999.0,1.06,Ia,5,ESO 575-G066,Yes,308.8746966810877,43.689904661576,15.856252954833767,35.96670679633351,-20.110453841499744,0.5875108127154286,0.3202580100037279,5.314765844935543
ASASSN-17hq,2017eve,2017-06-19.14,18:43:53.51,-56:29:29.04,0.031,16.5,999.0,16.3,999.0,10.88,Ia,1,GALEXASC J184352.21-562927.7,Yes,339.26005851174307,-21.34765961529608,16.090213895618717,35.666417314094595,-19.57620341847588,0.576844354911165,0.15780569426412216,10.985471022487461
ASASSN-17hz,2017evn,2017-06-20.26,11:47:23.29,+23:21:53.69,0.0171599999999999,16.4,999.0,15.3,999.0,3.9,Ia,-9,SDSS J114723.29+232157.5,Yes,223.9695706025295,75.04866463884416,15.234539710315673,34.35971515517331,-19.12517544485764,0.5941409670856688,0.08698767082585351,19.34874490273548
ASASSN-17ie,2017exo,2017-06-24.43,18:31:41.81,+16:39:05.22,0.01629,16.7,999.0,16.0,999.0,3.09,Ia,-7,IRAS 18294+1636,Yes,45.76511043618473,11.771946554299223,15.15659828975301,34.24530573285099,-19.088707443097977,0.5947395140273616,0.08284204997644858,20.29655683032317
ASASSN-17in,2017faw,2017-06-30.26,21:17:39.64,-44:54:16.85,0.03,16.7,999.0,16.1,999.0,1.06,Ia,-10,GALEXASC J211739.70-445416.1,Yes,355.4737497232424,-44.21388472112916,15.963431992557052,35.59360604664016,-19.63017405408311,0.5872575007938574,0.16926185047247205,10.060332691586751
ASASSN-17io,2017fbh,2017-06-26.32,13:07:48.80,+62:20:49.81,0.02742,17.4,999.0,15.8,999.0,0.45,Ia,-12,CGCG 316-010,Yes,119.64679661493176,54.6765091076817,15.757020306675548,35.39417474859847,-19.637154441922924,0.600506443543491,0.17080491373488374,9.749491563574221
ASASSN-17iq,2017fbp,2017-07-01.42,03:17:27.84,-00:05:08.66,0.02289,16.8,999.0,15.4,999.0,36.5,Ia,-14,UGC 2645,Yes,181.38859865964804,-45.728848305239545,15.210066652439984,34.9947201681436,-19.784653515703617,0.629227486599725,0.20716779261142204,7.671319584522941
ASASSN-17jl,2017foy,2017-07-21.26,20:15:25.46,-37:30:42.19,0.02035,17.0,999.0,16.0,999.0,0.8,Ia,-1,ESO 340-G007,Yes,3.82347540153178,-32.047032987543886,15.83061595410642,34.73517277988753,-18.904556825781107,0.551601132079209,0.06469856845372175,28.020777381676098
ASASSN-17jq,2017fra,2017-07-25.34,15:31:51.53,+37:24:44.64,0.03,16.9,999.0,15.8,999.0,1.84,Ia-91T,-10,SDSS J153151.40+372445.8,Yes,60.19641240342539,54.85673076975658,15.75743199255705,35.59360604664016,-19.83617405408311,0.6007097696681684,0.22176933445689068,7.506436441532886
ASASSN-17jt,2017frb,2017-07-25.56,21:11:36.83,+11:29:50.06,0.02938,17.0,999.0,16.4,999.0,1.49,Ia,5,CGCG 426-012,Yes,61.34156305203248,-24.1981978360736,16.1317297384697,35.54725992505859,-19.41553018658889,0.5654799461895613,0.1279576728647018,13.82026781065425
ASASSN-17jw,2017frh,2017-07-23.30,14:49:37.70,+18:41:59.71,0.0321899999999999,16.6,999.0,16.4,999.0,0.36,Ia,-9,SDSS J144937.71+184159.5,Yes,21.978898941301832,61.5897960534019,16.306442317383592,35.75012546591403,-19.44368314853044,0.5531869820479521,0.13277854356345475,13.614451462405059
ASASSN-17ka,2017frr,2017-07-27.23,01:20:55.50,-43:08:53.52,0.027,16.5,999.0,15.8,999.0,7.52,Ia,0,ESO 244-G 019,Yes,284.36684690473885,-72.90110484270598,15.76423833522969,35.35997725034802,-19.595738915118325,0.5991201359540456,0.16185816864116992,10.312203188844697
ASASSN-17kf,2017fvl,2017-08-01.62,02:55:42.63,+75:09:15.52,0.01434,16.1,999.0,15.7,999.0,0.4,Ia,0,UGC 2358,Yes,130.771196890983,14.2080132987132,14.435285762850134,33.96523777823148,-19.529952015381348,0.6554343243480943,0.14860732302889262,10.266693759894052
ASASSN-17kw,2017gbk,2017-08-15.41,06:11:11.77,-33:21:00.29,0.033,16.5,999.0,16.2,999.0,14.84,Ia,-7,LEDA 75547,Yes,240.133982741245,-22.367520357997705,16.09568117041185,35.80538965139013,-19.70970848097828,0.5789340982845878,0.18775212478967343,9.199961498084312
ASASSN-17kz,2017gea,2017-08-17.51,02:44:57.29,+34:05:40.02,0.0318,17.1,999.0,16.2,999.0,5.33,Ia,---,KUG 0241+338,Yes,148.27361111632788,-23.13089090468357,15.9898014173477,35.72303001224265,-19.733228594894957,0.58656387344039,0.19362486899445733,8.804882239090201
ASASSN-17lj,2017gjd,2017-08-29.01,20:03:44.88,-27:59:17.99,0.02002,16.5,999.0,15.5,999.0,1.4,Ia,---,2MASX J20034478-2759181,Yes,13.708160883668477,-27.248865030868902,15.208966899172886,34.699132006780935,-19.49016510760805,0.6231923890408502,0.14110444333588076,11.372008339673323
ASASSN-17lz,2017grw,2017-09-11.99,15:57:29.74,+15:52:21.32,0.01741,16.5,999.0,15.4,999.0,0.51,Ia,-7,NGC 6018,Yes,28.14684586558363,45.546897427559976,15.291180979787509,34.391532722866735,-19.100351743079223,0.5898201498840852,0.08414424476810811,20.14911511374305
ASASSN-17mh,2017guh,2017-09-18.32,05:03:13.14,-22:49:59.16,0.01543,15.5,999.0,15.1,999.0,0.3,Ia,-8,ESO 486-G019,Yes,223.57265099618667,-33.368816474141084,15.005497499097924,34.12611613754232,-19.120618638444395,0.6031669212303081,0.0864587512363812,19.175801501981248
ASASSN-17ms,2017gvp,2017-09-23.49,23:41:46.78,-01:21:02.56,0.02253,17.1,999.0,16.1,999.0,7.47,Ia,-9,UCG 12739,Yes,87.07499789893888,-59.28374690652338,16.018503950388283,34.95971125921841,-18.941207308830126,0.5403862791314897,0.06796518962332286,27.227586955065274
ASASSN-17mz,2017haf,2017-09-30.50,23:56:21.85,+32:27:24.08,0.0094,16.0,999.0,15.3,999.0,4.27,Ia,-3,KUG 2353+321,Yes,109.65884016787,-28.99162228635221,15.18430088940558,33.03996228702589,-17.855661397620306,0.5765360853082832,0.015786648420174684,109.8711241561647
ASASSN-17nc,2017hdn,2017-10-08.19,03:35:32.64,-61:16:46.63,0.027,16.5,999.0,15.6,15.7,3.18,Ia,-3,CGCG 225-050,Yes,275.786451635973,-46.2632536018438,15.52273833522969,35.35997725034802,-19.837238915118327,0.6136826939789523,0.22208261721777878,7.33738921208154
ASASSN-17nf,2017hfv,2017-10-10.62,07:41:26.05,+18:43:45.30,0.0246,16.5,999.0,16.5,999.0,1.86,Ia,-6,SDSS J074126.13+184343.7,Yes,201.1822320330256,19.19775670604148,16.393822143464178,35.15394556912618,-18.760123425662,0.5047719523301879,0.05329642124663099,37.17121327051367
ASASSN-17ng,2017hgz,2017-10-10.02,21:48:20.11,-34:57:10.40,0.01615,15.4,999.0,14.9,15.1,9.39,Ia,-1,NGC 7130,Yes,9.94094848652128,-50.35450173073458,14.822500220977226,34.22633291228372,-19.403832691306494,0.6338303825796955,0.126002631142101,12.521239794269105
ASASSN-17nz,2017hpj,2017-10-24.19,23:54:20.56,-17:18:21.06,0.00566,17.0,999.0,16.2,16.7,6.26,Ia,---,MGC -03-60-023,Yes,66.65996125594846,-73.55862212832587,16.129065441572507,31.93218084741381,-15.803115405841304,0.52082471718661,0.0008916005381051158,2153.4663574444526
ASASSN-17oc,2017htb,2017-11-02.19,22:09:38.69,+17:39:40.10,0.02685,16.7,999.0,16.5,16.4,4.7,Ia-91T,---,KUG 2207+174,Yes,77.10802886122659,-30.465051386858423,16.367992405028282,35.34763725478346,-18.97964484975517,0.513172745697176,0.07156740430061967,27.22833911396848
ASASSN-17oe,2017hvt,2017-11-06.28,01:52:45.69,-48:53:24.11,0.0206599999999999,16.0,999.0,16.0,999.0,8.2,Ia,-2,ESO 197-G 009,Yes,278.4296423879408,-65.21810468204944,15.949556924066242,34.768508460362426,-18.818951536296183,0.5420025948479644,0.057670883646906,31.992046947277363
ASASSN-17ok,2017hxx,2017-11-10.28,21:32:45.58,+24:08:27.92,0.036,17.0,999.0,16.3,999.0,0.05,Ia,-6,2MASX J21324559+2408280,Yes,75.24530400665246,-19.82383091953072,16.012536885768903,35.99913159245395,-19.986594706685047,0.5811971435563732,0.2710822965578196,6.347100464767483
ASASSN-17op,2017hyt,2017-11-11.02,19:03:35.62,-53:10:18.16,0.03619,16.5,999.0,16.5,999.0,0.28,Ia-91T,---,ESO 184-G 004,Yes,343.5515009925257,-23.157975462486966,16.300672759635468,36.01086524374882,-19.71019248411335,0.5627804771104736,0.18787102535928907,9.458040535990571
ASASSN-17ot,2017hzv,2017-11-13.33,09:39:12.26,-01:20:22.99,0.039,16.4,999.0,16.1,999.0,3.16,Ia,---,SDSS J093912.43-012026.0,Yes,236.5714598245952,35.73380106254722,16.03947773332203,36.17772033931115,-20.13824260598912,0.5746195029644453,0.33248033777613184,5.234240467191643
ASASSN-17pg,2017igf,2017-11-18.59,11:42:49.67,+77:22:13.00,0.00562,15.9,999.0,14.6,15.1,0.22,Ia,-1,NGC 3901,Yes,127.6993223355552,39.11588968090457,14.458069069648278,31.916713513019825,-17.458644443371547,0.6013062418425948,0.009222643444552177,180.32206376945476
ASASSN-17pk,2017iji,2017-11-20.64,12:12:26.89,+29:08:57.16,0.01349,15.2,999.0,14.8,999.0,0.1,Ia,-8,NGC 4174,Yes,197.4290684320061,81.17329607574237,14.742658735595995,33.83115040199078,-19.088491666394788,0.6102506010567132,0.08281810703584086,19.78638633263076
ASASSN-17ps,2017ilv,2017-11-23.16,00:53:05.74,-38:56:37.28,0.043,17.5,999.0,16.5,16.3,26.39,Ia,-5,MRSS 295-069991,Yes,301.3581926649088,-78.17949756431152,16.483448299520774,36.396078200257946,-19.912629900737173,0.5444241934364471,0.24551841424837229,7.481324855929246
ASASSN-17qc,2017ipi,2017-11-28.35,08:59:39.33,+61:45:18.11,0.03785,18.3,999.0,16.5,18.1,10.8,Ia,-12,MCG +10-13-048,Yes,153.85776508551675,38.69843088867255,16.345537493572394,36.11089753912526,-19.765360045552868,0.5590462301011089,0.201970354787084,8.856551420401809
ASASSN-17qg,2017isj,2017-12-02.35,11:10:44.48,+04:50:50.96,0.01933,15.4,999.0,15.1,999.0,6.71,Ia,-8,UGC 6216,Yes,251.33621997487367,57.25725989898211,14.934507878626873,34.621842918838766,-19.68733504021189,0.6409862575164571,0.182342977052758,8.555831843994712
ASASSN-17qr,2017iwy,2017-12-13.65,12:05:45.50,+10:23:53.88,0.03453,16.9,999.0,16.5,16.4,4.1,Ia,8,CGCG 069-050,Yes,268.0146142310882,70.10906310449589,16.44888058146867,35.906253025014266,-19.457372443545594,0.5410004420552168,0.13518260726207787,13.67355877033991
ASASSN-17qy,2017iyl,2017-12-09.45,06:00:15.12,-18:06:10.19,0.02785,16.7,999.0,16.3,16.6,9.15,Ia,4,2MASX J06001492-1806013,Yes,223.95422631002967,-19.21109611482278,16.05398155149473,35.42865829701255,-19.374676745517817,0.5683565275034972,0.12124992357884806,14.511011098628039
ASASSN-17qz,2017iyw,2017-12-18.3,08:13:30.63,+71:25:45.12,0.0215,15.8,999.0,15.4,15.6,4.59,Ia,-2,VII Zw 218,Yes,143.55082774850575,32.112812833811844,15.329022772661592,34.85641955458833,-19.527396781926736,0.6195030964087788,0.14811453359277138,10.89830212295215
ASASSN-17ri,2017jdx,2017-12-20.09,00:47:56.22,+22:22:23.48,0.01942,17.7,999.0,15.6,15.7,1.7,Ia,-4,IC 1586,Yes,121.86768468777086,-40.4913243480747,15.47782972195275,34.63207697078219,-19.154247248829435,0.5851891250634496,0.09043738429401667,18.895385660016338
ASASSN-17rm,2017jef,2017-12-26.65,15:05:21.04,+12:47:03.52,0.0289399999999999,16.8,999.0,16.2,999.0,2.0,Ia,-9,2MASX J15052096+1247036,Yes,15.011056149108542,55.57162820864223,16.105174499044722,35.51378422317889,-19.40860972413417,0.5670162575993077,0.12679766210785012,13.908914665904632
ASASSN-17ro,2017jeh,2017-12-26.30,07:30:04.07,+54:26:11.18,0.02096,17.3,999.0,16.0,16.2,7.86,Ia,-8,CGCG 261-072,Yes,163.09009784249366,27.242961418148468,15.828366084412185,34.80030288144718,-18.971936797035,0.5542373288032346,0.07083021402886412,25.473327137480993
ASASSN-17rr,2017jet,2017-12-26.50,08:37:00.96,+81:41:45.56,0.04,16.8,999.0,16.4,999.0,0.51,Ia-91T,-1,GALEXASC J083701.19+814145.7,Yes,131.57208468717798,30.553598910201387,16.334895363993716,36.23428537105012,-19.899390007056404,0.5584474736768532,0.24121827976951926,7.423478471647615
ASASSN-17rs,2017jgm,2017-12-29.59,11:02:38.61,-07:31:11.50,0.0297899999999999,16.6,999.0,16.1,16.5,37.95,Ia,-1,MCG -01-28-022,Yes,261.78264912221334,46.47695120595623,16.005354095584046,35.578014085402295,-19.57265998981825,0.5828328749704175,0.15708163180304743,10.92271382873524
ATLAS17abh,2017ae,2017-01-04.29,02:05:50.62,+18:22:30.23,0.022,999.0,16.4,16.2,999.0,4.74,Ia,999,GALEXASC J020550.53+182234.8,Yes,146.59920212073314,-41.05216361112783,16.002548754173603,34.90715556080317,-18.90460680662957,0.5402821570611226,0.06470291447474447,28.605894423735922
2017hn,2017hn,2017-01-09.41,13:07:39.46,+06:20:14.60,0.023853,999.0,16.1,15.8,999.0,4.66,Ia,999,UGC 08204,Yes,314.1665032405932,68.85460223933904,15.71223040209749,35.08577202112259,-19.373541619025097,0.5904036939257699,0.12106831372324275,13.990087813577272
ATLAS17air,2017jl,2017-01-16.22,00:57:31.9,+30:11:06.83,0.016331,999.0,14.6,15.3,999.0,5.88,Ia,999,2MASX J00573150+3011098,Yes,124.49625932923573,-32.66800718859039,15.10169580386771,34.250831563006955,-19.149135759139245,0.6015902095412456,0.08982130988969315,18.50631098887171
2017mf,2017mf,2017-01-21.09,14:16:31.0,+39:35:12.02,0.0256779999999999,999.0,16.0,15.9,999.0,12.6,Ia,999,NGC 5541,Yes,73.53815100373414,68.39322503802576,15.870967463635004,35.24882423351771,-19.377856769882705,0.5810938585803747,0.12176005531190134,14.13347248511853
PTSS-17dfc,2017ms,2017-01-21.71,10:26:42.37,+36:40:50.62,0.0246389999999999,999.0,15.6,15.7,999.0,5.22,Ia,999,SDSS J102641.99+364053.2,Yes,186.39114886062816,58.04646240535212,15.674234336496458,35.15744871700981,-19.48321438051335,0.5997467972999253,0.13982984076261362,11.924280935635016
ATLAS17auc,2017zd,2017-01-26.64,13:32:42.09,-21:48:04.35,0.02947,999.0,15.9,15.9,999.0,1.38,Ia,999,2MASX J13324217-2148034,Yes,315.4793363381679,40.06305864931088,15.679252877433672,35.554046691023835,-19.874793813590163,0.6045998772446511,0.23344181506651626,7.085219252016274
ATLAS17axb,2017adj,2017-01-30.65,13:43:23.25,-19:56:37.13,0.03,999.0,16.9,16.1,999.0,3.84,Ia,999,GALEXASC J134322.97-195637.5,Yes,319.2577096197226,41.275401211186136,15.809431992557052,35.59360604664016,-19.78417405408311,0.5981263746271511,0.20703689131960565,8.075311960251147
MASTER OT J083256.92-035128.1,2017cgr,2017-02-11.93,08:32:56.92,-03:51:28.10,0.0305839999999999,999.0,16.5,16.5,999.0,5.82,Ia,999,2MASX J08325728-0351295,Yes,228.7188058829588,20.480643736169057,16.40545424493728,35.63641118143863,-19.23095693650135,0.5275299195349055,0.10019169752720822,18.9200016061849
ATLAS17bam,2017avl,2017-02-16.32,05:20:47.08,+03:15:24.55,0.027426,999.0,16.4,16.4,999.0,23.46,Ia,999,CGCG 421-034,Yes,199.150476326292,-18.44939319446047,16.0929214284995,35.394659552628625,-19.301738124129123,0.5597857247926632,0.11008627815001425,16.22725241340521
ATLAS17bas,2017awz,2017-02-17.48,11:07:35.49,+22:51:04.57,0.02209,999.0,15.6,15.7,999.0,0.54,Ia-91T,999,SDSS J110735.45+225104.1,Yes,217.4920498966825,66.1281748273676,15.636378194964074,34.916167354925804,-19.27978915996173,0.5872286310726039,0.10692215329279332,15.926673668467206
2017bzc,2017bzc,2017-03-07.22,23:16:14.69,-42:34:10.90,0.005365,999.0,12.2,13.5,999.0,67.27,Ia,999,NGC 7552,Yes,348.1609012532082,-65.25402114088803,13.462083926571426,31.815454902526987,-18.353370975955563,0.6300591382682927,0.030925696100049797,51.32148345920047
2017cbr,2017cbr,2017-03-08.63,11:58:46.78,+15:43:08.87,0.017271,999.0,16.0,15.7,999.0,10.77,Ia,999,CGCG 098-015,Yes,253.2861138268539,73.28066813355102,15.550357762021124,34.37389827465175,-18.82354051263063,0.5654975458542384,0.05802718320151829,30.47458402488103
DLT17u,2017cbv,2017-03-10.17,14:32:34.42,-44:08:02.74,0.003999,999.0,11.5,11.7,999.0,160.22,Ia,999,NGC 5643,Yes,321.4412891350302,15.072680794403132,11.249334162694376,31.17508033389208,-19.9257461711977,0.6897289813523919,0.24985890946433062,5.802654131570887
KAIT-17I,2017cfd,2017-03-16.27,08:40:49.15,+73:29:15.14,0.012085,999.0,14.8,14.7,999.0,6.36,Ia,999,IC 0511,Yes,140.575894673446,33.598787941926815,14.640186180839423,33.59000370064422,-18.9498175198048,0.6052591472004472,0.06875615928841528,24.029626990827715
ATLAS17cog,2017cfc,2017-03-16.57,13:52:39.0,-02:00:08.26,0.024027,999.0,16.5,16.0,999.0,20.46,Ia,999,UGC 08783,Yes,332.1995109899915,57.34939536101513,15.876803757495196,35.10183739932819,-19.225033641832997,0.5685023451700904,0.09940355659893721,17.695621319511766
ATLAS17cof,2017cfb,2017-03-16.58,13:54:6.83,+09:24:45.57,0.022872,999.0,15.7,15.3,999.0,29.46,Ia,999,CGCG 073-094,Yes,345.74750293101613,66.91882568235695,15.211664843897005,34.99298262865237,-19.78131778475537,0.6291783285488342,0.2062589332994833,7.705724490697873
ATLAS17dfo,2017ckq,2017-03-23.44,10:44:25.39,-32:12:32.83,0.009893,999.0,14.4,14.3,999.0,12.42,Ia,999,ESO 437-G056,Yes,273.90556991823007,23.407483139553698,14.098161044156226,33.15178098460787,-19.05361994045164,0.6269140140965516,0.07903665553672723,20.181965858231283
PTSS-17ntl,2017cne,2017-03-27.82,15:08:42.93,+04:08:45.87,0.033808,999.0,17.0,16.5,999.0,2.34,Ia-91T,999,2MASX J15084277+0408473,Yes,3.9658850826378194,50.00419998924457,16.388967415893404,35.85921198343009,-19.47024456753669,0.5474876920998227,0.13747949848505714,13.285799693845584
DLT17ar,2017cyy,2017-04-12.75,09:36:36.2,-63:56:54.21,0.009777,999.0,14.9,14.7,999.0,27.36,Ia,999,ESO 091-G015,Yes,283.42933199090953,-8.727067464672743,14.033470759957652,33.125976616824005,-19.092505856866357,0.6315961351824625,0.08326464242146303,19.015156968990695
Gaia17bat,2017dei,2017-04-17.03,20:49:48.85,-25:42:02.56,0.019804,999.0,16.4,16.4,999.0,22.92,Ia,999,ESO 529-G005,Yes,19.78206735904392,-36.426251248320185,16.177820668718013,34.67522324151227,-18.497402572794257,0.5237359580016441,0.03752501137511136,50.882304809344404
Gaia17bci,2017dit,2017-04-24.96,15:27:58.92,+42:50:48.69,0.01859,999.0,15.8,15.8,999.0,10.98,Ia,999,2MASX J15275941+4250592,Yes,69.7107675840791,54.70734646289146,15.729288201242888,34.5358695963474,-18.80658139510452,0.555517637423267,0.05672150854017405,31.7361598706314
DLT17aw,2017drh,2017-05-03.58,17:32:26.06,+07:03:47.38,0.005554,999.0,15.7,15.6,999.0,28.2,Ia,999,NGC 6384,Yes,30.266309084526974,20.76537031829452,15.270674477156607,31.89095115572877,-16.620276678572164,0.5722064478429721,0.0029398291012378776,594.4634643047505
PS17dbd,2017eaa,2017-05-10.32,11:28:17.92,+26:58:36.95,0.04,999.0,16.6,16.4,999.0,11.16,Ia,999,KUG 1125+272,Yes,208.62710716905664,71.50986608322353,16.360695363993717,36.23428537105012,-19.873590007056404,0.5566558976694549,0.23306816937715658,7.707796150388771
DLT17bk,2017ejb,2017-05-28.63,12:48:36.01,-41:19:33.53,0.009867,999.0,15.7,15.4,999.0,158.28,Ia-91bg,999,NGC 4696,Yes,302.35915753696725,21.542611105821287,15.107163189943812,33.14602345933208,-18.038860269388262,0.5805547503759607,0.02023287462623529,85.13325264157176
2017eji,2017eji,2017-05-29.1,20:57:53.38,-17:57:09.00,0.0280459999999999,999.0,16.2,16.3,999.0,46.49,Ia,999,IC 1339,Yes,29.61590450934018,-35.756813301854294,16.12229257434939,35.44420350403286,-19.321910929683472,0.5591880026314543,0.11307267637397574,15.81555668687453
ATLAS17glh,2017ekr,2017-06-01.55,23:02:32.19,+32:35:13.18,0.0199139999999999,999.0,15.6,15.4,999.0,28.86,Ia,999,UGC 12323,Yes,97.78031006261892,-24.91173035105344,15.148744400030512,34.68743094348736,-19.538686543456844,0.6281993279756757,0.15030362170365438,10.590905357063654
ATLAS17gvn,2017epb,2017-06-09.39,14:18:27.7,+12:53:04.78,0.024774,999.0,16.1,16.1,999.0,6.96,Ia,999,NGC 5550,Yes,2.249894010080908,65.15691075306583,16.03677547344181,35.169533068041936,-19.132757594600125,0.5502816390860805,0.08787477677264256,20.680009931589876
2017erp,2017erp,2017-06-13.63,15:09:14.8,-11:20:02.76,0.006174,999.0,13.6,13.6,999.0,48.9,Ia,999,NGC 5861,Yes,348.51128719210294,39.04689188876368,13.311852212810434,32.12178928469444,-18.809937071884,0.634449986632721,0.05697746008949464,27.663015611978544
2017ezd,2017ezd,2017-06-17.97,19:56:38.66,-38:36:27.80,0.018076,999.0,15.7,15.5,999.0,27.02,Ia,999,ESO 339-G009,Yes,1.670869038566935,-28.668470659539395,15.247481706144493,34.47414238119098,-19.22666067504649,0.6017762943232116,0.09961944837208075,16.680950429995445
ATLAS17hcs,2017evb,2017-06-18.57,21:45:16.5,-37:49:45.69,0.031398,999.0,16.6,16.5,999.0,9.36,Ia,999,2MASX J21451729-3749462,Yes,5.458497371373519,-49.74497630080643,16.440509596218874,35.69475852793615,-19.25424893171728,0.5260607896062514,0.10334964040478062,18.393107013226803
2017fax,2017fax,2017-06-25.45,23:03:56.38,+30:09:28.80,0.023209,999.0,16.4,16.3,999.0,12.1,Ia-91bg,999,NGC 7473,Yes,96.85945702562432,-27.21511361085867,16.163403424788577,35.02529226539377,-18.8618888406052,0.5270664435200602,0.0610935659595229,31.055545187274692
ATLAS17iky,2017ffv,2017-07-10.32,13:57:21.74,-34:46:24.46,0.01401,999.0,15.3,15.2,999.0,15.18,Ia,999,ESO 384-G018,Yes,317.98056552397475,26.16445782944161,14.995412025112705,33.91413884565756,-18.91872682054485,0.5918911174373768,0.06594249445070188,25.62080706191451
DLT17bx,2017fgc,2017-07-11.47,01:20:14.44,+03:24:09.96,0.008,999.0,13.5,13.5,999.0,124.42,Ia,999,NGC 474,Yes,136.86340139636667,-58.68772098748451,13.408265286676343,32.68744701446366,-19.279181727787314,0.6642756672167611,0.10683583218648933,14.090769752676843
2017fof,2017fof,2017-07-16.89,16:54:23.79,+41:20:09.70,0.028308,999.0,16.8,16.4,999.0,17.02,Ia-91bg,999,UGC 10602,Yes,65.62795644409934,38.88727990702418,16.323442782945406,35.464817800070904,-19.141375017125497,0.5278412325907021,0.08889375486978897,21.31206030985939
DLT17cd,2017fzw,2017-08-09.89,06:21:34.77,-27:12:53.51,0.0054,999.0,16.0,14.0,999.0,94.83,Ia-91bg,999,NGC 2217,Yes,234.8246867688796,-18.140998180916668,13.88528305466399,31.82963350412015,-17.94435044945616,0.617277293052858,0.017804548480375847,90.98896689720068
ATLAS17jiv,2017gah,2017-08-10.49,22:02:42.43,-32:47:33.50,0.008906,999.0,15.0,14.5,999.0,45.74,Ia,999,NGC 7187,Yes,13.605015914763284,-53.25924120907192,14.407156896809052,32.92191629703878,-18.514759400229725,0.6076745802370341,0.038405766745558026,42.84819091677058
PSP17A,2017gjn,2017-08-24.19,02:43:48.41,+32:31:33.70,0.0151199999999999,999.0,15.3,15.0,999.0,57.74,Ia,999,NGC 1067,Yes,148.83067534100837,-24.63356696989832,14.51916208378736,34.08153539747032,-19.56237331368296,0.6539482723082661,0.15499830896493266,9.865739483791584
2017glq,2017glq,2017-09-02.71,02:08:28.0,+06:23:16.60,0.011755,999.0,13.9,14.2,14.3,26.0,Ia,999,IC 0208,Yes,154.81987312616135,-51.65062751455698,14.053089324166232,33.529337933408854,-19.476248609242624,0.664399438485415,0.13856301065325946,10.862340996383422
PSP17B,2017glx,2017-09-03.7,19:43:40.29,+56:06:36.30,0.011,999.0,13.4,14.4,15.0,3.94,Ia-91T,999,NGC 6824,Yes,88.6307329259355,15.44960635715252,14.067111609573908,33.38393878788335,-19.316827178309445,0.651177124795078,0.11231291757113912,13.673231128442028
2017gqr,2017gqr,2017-09-04.97,19:28:21.6,+56:34:46.00,0.0247639999999999,999.0,16.1,16.1,17.6,9.91,Ia,999,2MASX J19282147+5634562,Yes,88.16304909466737,17.575211053185193,15.855072656904458,35.16864015234867,-19.31356749544421,0.577131647044059,0.11182830989924376,15.494349543637492
Gaia17cin,2017gxq,2017-09-17.45,13:05:24.01,+56:19:27.05,0.0084099999999999,999.0,13.6,15.6,17.1,8.71,Ia,999,NGC 4964,Yes,118.97666152077456,60.696717983919015,15.549375557129055,32.79665872401591,-17.24728316688686,0.559347752865831,0.006918816975766207,258.3962817587891
ATLAS17mgt,2017hjy,2017-10-14.5,02:36:2.56,+43:28:19.51,0.0069999999999999,999.0,16.3,15.4,15.3,6.06,Ia,999,GALEXASC J023602.02+432817.6,Yes,142.31047176702876,-15.428773253733825,15.161474734916316,32.39582294977101,-17.23434821485469,0.5772791875706647,0.006798132119380316,254.81471208020002
ATLAS17msi,2017hoq,2017-10-21.55,05:19:20.29,-17:36:41.72,0.02,999.0,16.1,16.5,15.7,21.12,Ia,999,GALEXASC J051921.27-173657.4,Yes,219.38953806318216,-28.01810205758069,16.30176267798081,34.696928940024044,-18.395166262043237,0.5122964275603866,0.03271542063183605,59.66589562950289
ATLAS17nmh,2017isq,2017-12-04.62,13:13:12.18,-19:31:15.08,0.009393,999.0,15.3,15.9,999.0,157.89,Ia,999,NGC 5018,Yes,309.95746867318866,43.0537905134316,15.644401488349867,33.03833301295704,-17.393931524607172,0.5543959662113795,0.008446604707546093,213.5491111890299
ATLAS17nse,2017iyb,2017-12-16.45,06:08:56.81,-27:47:44.98,0.010108,999.0,14.9,14.7,999.0,27.77,Ia,999,ESO 425-G010,Yes,234.32779327770297,-20.96313583221025,14.617740167421111,33.19882361879317,-18.58108345137206,0.6010435558440583,0.04195945912367552,39.651915637973126
MASTER OT J104021.29-462510.8,2017jyl,2017-12-27.91,10:40:21.29,-46:25:10.80,0.023923,999.0,16.1,15.8,999.0,19.74,Ia,999,2MASX J10402231-4625264,Yes,280.6144994620562,10.69409560013639,15.382860546185752,35.092248910963065,-19.70938836477731,0.6212669728070348,0.18767352922475242,8.576670236956037
